title,description,link,query
4월부터 비행기표 비싸진다… 유류할증료 최대 20만4000원 인상 - 스카이데일리,"<a href=""https://news.google.com/rss/articles/CBMiXEFVX3lxTFB3eC1ZOGpoSkZFMS1EdElEcDdiZzVhOHFjdFAza3lrT1h5alMwZG1zSFNWVDNVaW1ibnptWUgxWUh5Nm80NXRMamdPR184VzJreTJycXR0WlZraFRJ?oc=5"" target=""_blank"">4월부터 비행기표 비싸진다… 유류할증료 최대 20만4000원 인상</a>&nbsp;&nbsp;<font color=""#6f6f6f"">스카이데일리</font>",https://news.google.com/rss/articles/CBMiXEFVX3lxTFB3eC1ZOGpoSkZFMS1EdElEcDdiZzVhOHFjdFAza3lrT1h5alMwZG1zSFNWVDNVaW1ibnptWUgxWUh5Nm80NXRMamdPR184VzJreTJycXR0WlZraFRJ?oc=5,비행기
뉴욕 라과디아 공항에서 항공기·소방차 충돌…2명 사망 - 조선일보,"<a href=""https://news.google.com/rss/articles/CBMingFBVV95cUxPUmd2WVhRaXhCWmNUdl9oaG5BdXc3Y0JselZPQU56MFBnUVBIN05FTGVKeHZfMklMd2xWODExVWk2RC1IcVZLZzAxVjhXS0Q0WTRUY1VDWmRJQmp1YWFJT1lWOElXOVljQWNDbzg1U3N5amowckk4andjcFVpZTVlQkFQeXJjQzU3YTY2WVA0c2xKTTJVTDllY0VKUzFTQdIBsgFBVV95cUxQVndXbFUxZ0NZUG4xTmEtQTE3Yzc1bHRfQ1g2NVJTd2xqaVBfWElZV1lEZ0dwWEJkWUNEeE5lVU44aXdrY1g3T0N0NEtidnZGdGVuWmktclFsNVk2dXdMeWpwRmNFNXdkUXpSRzZ1R1ZkQTJsNC1fR3FEZXFlcGVfcWJ1U1BGeTZCdDJOYk5QN3hJRktnTWVBQjJTZjR6R0F5N1ROTGJjRkZqcklmeXd0TUlB?oc=5"" target=""_blank"">뉴욕 라과디아 공항에서 항공기·소방차 충돌…2명 사망</a>&nbsp;&nbsp;<font color=""#6f6f6f"">조선일보</font>",https://news.google.com/rss/articles/CBMingFBVV95cUxPUmd2WVhRaXhCWmNUdl9oaG5BdXc3Y0JselZPQU56MFBnUVBIN05FTGVKeHZfMklMd2xWODExVWk2RC1IcVZLZzAxVjhXS0Q0WTRUY1VDWmRJQmp1YWFJT1lWOElXOVljQWNDbzg1U3N5amowckk4andjcFVpZTVlQkFQeXJjQzU3YTY2WVA0c2xKTTJVTDllY0VKUzFTQdIBsgFBVV95cUxQVndXbFUxZ0NZUG4xTmEtQTE3Yzc1bHRfQ1g2NVJTd2xqaVBfWElZV1lEZ0dwWEJkWUNEeE5lVU44aXdrY1g3T0N0NEtidnZGdGVuWmktclFsNVk2dXdMeWpwRmNFNXdkUXpSRzZ1R1ZkQTJsNC1fR3FEZXFlcGVfcWJ1U1BGeTZCdDJOYk5QN3hJRktnTWVBQjJTZjR6R0F5N1ROTGJjRkZqcklmeXd0TUlB?oc=5,비행기
“위탁수화물에 보조배터리 넣으면 안되는데…” 비행기 1편당 1명꼴 적발 - 문화일보,"<a href=""https://news.google.com/rss/articles/CBMiUEFVX3lxTE82Q2JUbm52OXRpeXVuNGtwSXdSdHl2LWwxMVp3X3I0OHR3emR1TkhyQ0hkWUxsc281OXc0SXFYcWt4QTFTSERJX09mOEtza1VQ?oc=5"" target=""_blank"">“위탁수화물에 보조배터리 넣으면 안되는데…” 비행기 1편당 1명꼴 적발</a>&nbsp;&nbsp;<font color=""#6f6f6f"">문화일보</font>",https://news.google.com/rss/articles/CBMiUEFVX3lxTE82Q2JUbm52OXRpeXVuNGtwSXdSdHl2LWwxMVp3X3I0OHR3emR1TkhyQ0hkWUxsc281OXc0SXFYcWt4QTFTSERJX09mOEtza1VQ?oc=5,비행기
"“비행기값보다 기름값 먼저”… 뉴욕 60만 원, 봄 성수기 앞 항공권 흔들렸다 - v.daum.net","<a href=""https://news.google.com/rss/articles/CBMiT0FVX3lxTFBGa0xpUFlubUVSLWZxTDJmckxiVVhnLWFyNTZPU0R3YWFjSDJrTUZ2M3hVSzBZN0JoaGpiMGRNYWNidVp6M1RFeVpMTEVGRjg?oc=5"" target=""_blank"">“비행기값보다 기름값 먼저”… 뉴욕 60만 원, 봄 성수기 앞 항공권 흔들렸다</a>&nbsp;&nbsp;<font color=""#6f6f6f"">v.daum.net</font>",https://news.google.com/rss/articles/CBMiT0FVX3lxTFBGa0xpUFlubUVSLWZxTDJmckxiVVhnLWFyNTZPU0R3YWFjSDJrTUZ2M3hVSzBZN0JoaGpiMGRNYWNidVp6M1RFeVpMTEVGRjg?oc=5,비행기
"경찰, 비행기값 부풀리기 의혹 인천 기초의원 등 24명 검찰 송치 - 인천투데이","<a href=""https://news.google.com/rss/articles/CBMicEFVX3lxTE02ZC1tVlVHOGwwQTR0UGFDRVljMU5GOFVZczZzNm5yaEdRQVVMaEttbXBCQ0FvcW9uM2xqY0VHOUxlN3dNbE5UYlNZczdGak1LcU9LLURBX2IwM2ROX08yLUdPbVNnR0R5MHlPVmNVbUQ?oc=5"" target=""_blank"">경찰, 비행기값 부풀리기 의혹 인천 기초의원 등 24명 검찰 송치</a>&nbsp;&nbsp;<font color=""#6f6f6f"">인천투데이</font>",https://news.google.com/rss/articles/CBMicEFVX3lxTE02ZC1tVlVHOGwwQTR0UGFDRVljMU5GOFVZczZzNm5yaEdRQVVMaEttbXBCQ0FvcW9uM2xqY0VHOUxlN3dNbE5UYlNZczdGak1LcU9LLURBX2IwM2ROX08yLUdPbVNnR0R5MHlPVmNVbUQ?oc=5,비행기
'비행기 세리머니' 한국의 8강 진출…WBC 주요 이야기로 선정 - 뉴스1,"<a href=""https://news.google.com/rss/articles/CBMiV0FVX3lxTE1nZnZPS0xYYlU5U3Jtb0lHRGFrYXlCR2RNcERuNVh4bXlNTmZ6S3RNdWwxUkxDZmJ6RG8wV0h4SzdYNWdQOFlESW9vUTczbXdZRjg5Tmczdw?oc=5"" target=""_blank"">'비행기 세리머니' 한국의 8강 진출…WBC 주요 이야기로 선정</a>&nbsp;&nbsp;<font color=""#6f6f6f"">뉴스1</font>",https://news.google.com/rss/articles/CBMiV0FVX3lxTE1nZnZPS0xYYlU5U3Jtb0lHRGFrYXlCR2RNcERuNVh4bXlNTmZ6S3RNdWwxUkxDZmJ6RG8wV0h4SzdYNWdQOFlESW9vUTczbXdZRjg5Tmczdw?oc=5,비행기
"유류할증료도 3배 인상 예고…""비행기 타기 부담"" - 연합뉴스","<a href=""https://news.google.com/rss/articles/CBMiW0FVX3lxTE9UdWpiZGRrSnpCeFhCLUZNU0dodkxJeVg4M1VtbXdTODRpcGdZQ3JKd0tISkFzOW9zNkJWYkg3YlQzRWJ3dzVITWF1YTRfSWd2TlhNQ1MzQ2lqd1nSAWBBVV95cUxONmxMX1hWMlZSbC1OUzN4VzFqZGZBUFlUclFObGQtd3AtRmlXRkhUSWdRUFlZbE04TlRmLUF1WTExRzFsNnlRQW1YQURYdkFCdUE4WkkzR3NBZEYxN1gwQjc?oc=5"" target=""_blank"">유류할증료도 3배 인상 예고…""비행기 타기 부담""</a>&nbsp;&nbsp;<font color=""#6f6f6f"">연합뉴스</font>",https://news.google.com/rss/articles/CBMiW0FVX3lxTE9UdWpiZGRrSnpCeFhCLUZNU0dodkxJeVg4M1VtbXdTODRpcGdZQ3JKd0tISkFzOW9zNkJWYkg3YlQzRWJ3dzVITWF1YTRfSWd2TlhNQ1MzQ2lqd1nSAWBBVV95cUxONmxMX1hWMlZSbC1OUzN4VzFqZGZBUFlUclFObGQtd3AtRmlXRkhUSWdRUFlZbE04TlRmLUF1WTExRzFsNnlRQW1YQURYdkFCdUE4WkkzR3NBZEYxN1gwQjc?oc=5,비행기
“90m 차이로 참사 면했다” 美공항 ‘교차 착륙’ 비행기 충돌할 뻔 - 동아일보,"<a href=""https://news.google.com/rss/articles/CBMiZkFVX3lxTFA3Mi0xNnI1QTFsMVRJMEh0bWs2ZXZrcHZYaFJxQWpZUW55aGI4cWJpQnhDZ3l4LTZhV0hBaU9RWFhNdWxMY1lqRlg3UE5Jc1pFVzIyNVlqZmxSNUlPRFJZMWh3TWJKQdIBZkFVX3lxTFA3Mi0xNnI1QTFsMVRJMEh0bWs2ZXZrcHZYaFJxQWpZUW55aGI4cWJpQnhDZ3l4LTZhV0hBaU9RWFhNdWxMY1lqRlg3UE5Jc1pFVzIyNVlqZmxSNUlPRFJZMWh3TWJKQQ?oc=5"" target=""_blank"">“90m 차이로 참사 면했다” 美공항 ‘교차 착륙’ 비행기 충돌할 뻔</a>&nbsp;&nbsp;<font color=""#6f6f6f"">동아일보</font>",https://news.google.com/rss/articles/CBMiZkFVX3lxTFA3Mi0xNnI1QTFsMVRJMEh0bWs2ZXZrcHZYaFJxQWpZUW55aGI4cWJpQnhDZ3l4LTZhV0hBaU9RWFhNdWxMY1lqRlg3UE5Jc1pFVzIyNVlqZmxSNUlPRFJZMWh3TWJKQdIBZkFVX3lxTFA3Mi0xNnI1QTFsMVRJMEh0bWs2ZXZrcHZYaFJxQWpZUW55aGI4cWJpQnhDZ3l4LTZhV0hBaU9RWFhNdWxMY1lqRlg3UE5Jc1pFVzIyNVlqZmxSNUlPRFJZMWh3TWJKQQ?oc=5,비행기
"기름값 아끼려 비행기도 ""가득 급유"" …하늘길 전략 바뀐다 - MTN 머니투데이방송","<a href=""https://news.google.com/rss/articles/CBMiZEFVX3lxTE10U2ZQSWpvOGZTVXF0dHFveDZZTzN0ZU1ob2Z4aXhuRGkyTmIzRi1LSk12ZGtSbGV6c1NmRlJFQkVQSmtHbmxMdzhRVlBKYkFPa2VhaXNmTnE4UUJfV3dBSmtzel8?oc=5"" target=""_blank"">기름값 아끼려 비행기도 ""가득 급유"" …하늘길 전략 바뀐다</a>&nbsp;&nbsp;<font color=""#6f6f6f"">MTN 머니투데이방송</font>",https://news.google.com/rss/articles/CBMiZEFVX3lxTE10U2ZQSWpvOGZTVXF0dHFveDZZTzN0ZU1ob2Z4aXhuRGkyTmIzRi1LSk12ZGtSbGV6c1NmRlJFQkVQSmtHbmxMdzhRVlBKYkFPa2VhaXNmTnE4UUJfV3dBSmtzel8?oc=5,비행기
"항공유 폭등, 올여름 휴가 비행기값 어쩌나 - bntnews.co.kr","<a href=""https://news.google.com/rss/articles/CBMiZEFVX3lxTE1TVlJRMWlCSEdUWHdTRlNXQ2J5Q0lxOXJUQUQxZlZPN1hGSU1aejhtQlh6LUhzWklhOEs3YzJNV0tRcjByam5mQmxscWkxMEIwOE1hS29Ob3BXQXpvSG1zVXpmdHc?oc=5"" target=""_blank"">항공유 폭등, 올여름 휴가 비행기값 어쩌나</a>&nbsp;&nbsp;<font color=""#6f6f6f"">bntnews.co.kr</font>",https://news.google.com/rss/articles/CBMiZEFVX3lxTE1TVlJRMWlCSEdUWHdTRlNXQ2J5Q0lxOXJUQUQxZlZPN1hGSU1aejhtQlh6LUhzWklhOEs3YzJNV0tRcjByam5mQmxscWkxMEIwOE1hS29Ob3BXQXpvSG1zVXpmdHc?oc=5,비행기
시각장애인 안내견의 설레는 첫 비행기 탑승[도시풍경] - 문화일보,"<a href=""https://news.google.com/rss/articles/CBMiUEFVX3lxTFB0MDJsejZ4S24zb2l2dTViS2g3T1FtdVM3aVlkdHlTWnFQMEl3Rmk0blY4Smk5Z3otNWF2S1Q3dXJNUUYxQ0hZOS1EbjRjMU1S?oc=5"" target=""_blank"">시각장애인 안내견의 설레는 첫 비행기 탑승[도시풍경]</a>&nbsp;&nbsp;<font color=""#6f6f6f"">문화일보</font>",https://news.google.com/rss/articles/CBMiUEFVX3lxTFB0MDJsejZ4S24zb2l2dTViS2g3T1FtdVM3aVlkdHlTWnFQMEl3Rmk0blY4Smk5Z3otNWF2S1Q3dXJNUUYxQ0hZOS1EbjRjMU1S?oc=5,비행기
"기름값 아끼려 비행기도 ""가득 급유"" …하늘길 전략 바뀐다 - v.daum.net","<a href=""https://news.google.com/rss/articles/CBMiRkFVX3lxTE9WNEYtNzdKVTg1Ty11bVh6VUZTSnhUMmlGZGtLcGI5Zm1TcWQzNVpCbnZ4cl9QQ1FNd1BPb1lLZlVGZFhzZEE?oc=5"" target=""_blank"">기름값 아끼려 비행기도 ""가득 급유"" …하늘길 전략 바뀐다</a>&nbsp;&nbsp;<font color=""#6f6f6f"">v.daum.net</font>",https://news.google.com/rss/articles/CBMiRkFVX3lxTE9WNEYtNzdKVTg1Ty11bVh6VUZTSnhUMmlGZGtLcGI5Zm1TcWQzNVpCbnZ4cl9QQ1FNd1BPb1lLZlVGZFhzZEE?oc=5,비행기
"[인천TV] 경찰, 비행기값 부풀리기 의혹 인천 기초의원 등 24명 검찰 송치 - 인천투데이","<a href=""https://news.google.com/rss/articles/CBMicEFVX3lxTE8tOTQyWVBuUDdKRTRVVk1CcEtuMFlmTk9lYk9lOTctTDRablZNc2gzSjJLZGNId3d0aTFJcWZvSFJraWFZT2wtWEwwc2JVNUZEQzNINV9DY2dwWFFEYWN2YTlDM0FqclBwd3BCLTV2Wi0?oc=5"" target=""_blank"">[인천TV] 경찰, 비행기값 부풀리기 의혹 인천 기초의원 등 24명 검찰 송치</a>&nbsp;&nbsp;<font color=""#6f6f6f"">인천투데이</font>",https://news.google.com/rss/articles/CBMicEFVX3lxTE8tOTQyWVBuUDdKRTRVVk1CcEtuMFlmTk9lYk9lOTctTDRablZNc2gzSjJLZGNId3d0aTFJcWZvSFJraWFZT2wtWEwwc2JVNUZEQzNINV9DY2dwWFFEYWN2YTlDM0FqclBwd3BCLTV2Wi0?oc=5,비행기
“비행기 못 타겠네”…‘코로나급’ 유가 급등에 항공료 줄인상 - 동아일보,"<a href=""https://news.google.com/rss/articles/CBMic0FVX3lxTE5ib0YwSGZEOER3QklqdUJGblRxS1BKY1o0SXlCdUgxYTJ5U0UxS2NVTG93NW9SWTQzM2FSSmVxb1JJbU9lZWh5enl2dkwwakE4RTRMZXZjSnYtanRrTTV5VWRUNFkzU01VbVhaN1hyeTg1X2_SAWZBVV95cUxPM1JRbHBUSVQ5eEhUeW5yWEc5NTZxUzdlYXBodnItY1VsNWp0QWRxM09mTmR2RVo3SFpxbnB0VThKOGl4S0wycjJVRW1FYzhhaTdwdm15Y3JodnVXc1I4WUlSWE9iV2c?oc=5"" target=""_blank"">“비행기 못 타겠네”…‘코로나급’ 유가 급등에 항공료 줄인상</a>&nbsp;&nbsp;<font color=""#6f6f6f"">동아일보</font>",https://news.google.com/rss/articles/CBMic0FVX3lxTE5ib0YwSGZEOER3QklqdUJGblRxS1BKY1o0SXlCdUgxYTJ5U0UxS2NVTG93NW9SWTQzM2FSSmVxb1JJbU9lZWh5enl2dkwwakE4RTRMZXZjSnYtanRrTTV5VWRUNFkzU01VbVhaN1hyeTg1X2_SAWZBVV95cUxPM1JRbHBUSVQ5eEhUeW5yWEc5NTZxUzdlYXBodnItY1VsNWp0QWRxM09mTmR2RVo3SFpxbnB0VThKOGl4S0wycjJVRW1FYzhhaTdwdm15Y3JodnVXc1I4WUlSWE9iV2c?oc=5,비행기
"전 동료 살해한 비행기 기장, 사이코패스 아니다 - 문화일보","<a href=""https://news.google.com/rss/articles/CBMiUEFVX3lxTE16d0czSkNSSTJDbllMNFBpSFQ3Ui1qYXNaMzJhRFdXYy1rV21OcnpYMkppQTd0cTVaVXlZbVVCbVliSG5LZEpudmJCcnh4S3Fm?oc=5"" target=""_blank"">전 동료 살해한 비행기 기장, 사이코패스 아니다</a>&nbsp;&nbsp;<font color=""#6f6f6f"">문화일보</font>",https://news.google.com/rss/articles/CBMiUEFVX3lxTE16d0czSkNSSTJDbllMNFBpSFQ3Ui1qYXNaMzJhRFdXYy1rV21OcnpYMkppQTd0cTVaVXlZbVVCbVliSG5LZEpudmJCcnh4S3Fm?oc=5,비행기
신혼여행 비행기서 한국인 여성 구한 119대원…‘응급처치 후 의식 회복’ - 문화일보,"<a href=""https://news.google.com/rss/articles/CBMiUEFVX3lxTFB1b0ZJTUp4QzUtYV9WUDFWWGVDWGJhNjFSdVpJalBhSlBsR3ZEeW5FWmJROTNDMEFDWGxiaXA4dDJ3eFFJekpvRXBkcUh2WlQz?oc=5"" target=""_blank"">신혼여행 비행기서 한국인 여성 구한 119대원…‘응급처치 후 의식 회복’</a>&nbsp;&nbsp;<font color=""#6f6f6f"">문화일보</font>",https://news.google.com/rss/articles/CBMiUEFVX3lxTFB1b0ZJTUp4QzUtYV9WUDFWWGVDWGJhNjFSdVpJalBhSlBsR3ZEeW5FWmJROTNDMEFDWGxiaXA4dDJ3eFFJekpvRXBkcUh2WlQz?oc=5,비행기
“비행기 못 태우면 버리지”…공항서 반복되는 반려견 유기 논란 - v.daum.net,"<a href=""https://news.google.com/rss/articles/CBMiRkFVX3lxTE1VbXo3Wm5RX1BwN0ZPczhSa0s2Q2VnTUhvaHRRNms0cXYzX3FweFlHbUtFMmJveElDRmNKcGRtMzEtRmZuMmc?oc=5"" target=""_blank"">“비행기 못 태우면 버리지”…공항서 반복되는 반려견 유기 논란</a>&nbsp;&nbsp;<font color=""#6f6f6f"">v.daum.net</font>",https://news.google.com/rss/articles/CBMiRkFVX3lxTE1VbXo3Wm5RX1BwN0ZPczhSa0s2Q2VnTUhvaHRRNms0cXYzX3FweFlHbUtFMmJveElDRmNKcGRtMzEtRmZuMmc?oc=5,비행기
기름값 아끼려 비행기 인천서 '가득' 넣고 출발…안전 문제 없나 - v.daum.net,"<a href=""https://news.google.com/rss/articles/CBMiRkFVX3lxTFByX2Znb3doSjJpam43UXhrU3AyNnRDS25jRWdnLTlVSmpvVHUxTWQ0RDVIX2VfUWY0RTZTRldtWHlnaW5TV1E?oc=5"" target=""_blank"">기름값 아끼려 비행기 인천서 '가득' 넣고 출발…안전 문제 없나</a>&nbsp;&nbsp;<font color=""#6f6f6f"">v.daum.net</font>",https://news.google.com/rss/articles/CBMiRkFVX3lxTFByX2Znb3doSjJpam43UXhrU3AyNnRDS25jRWdnLTlVSmpvVHUxTWQ0RDVIX2VfUWY0RTZTRldtWHlnaW5TV1E?oc=5,비행기
"비행기보다 먼저 늘어난 건 사람이다… 제주항공, 채용으로 먼저 던진 ‘확장 신호’ - v.daum.net","<a href=""https://news.google.com/rss/articles/CBMiT0FVX3lxTE4tWloydWtUYkQ0aTFvQWdVWWx1dWlsQnd2bkV3U3FTY2g2NWZNaU1vMUtuWnVnV2FNSno5Z3JGODJNWjlycmptOEVjZVVpbms?oc=5"" target=""_blank"">비행기보다 먼저 늘어난 건 사람이다… 제주항공, 채용으로 먼저 던진 ‘확장 신호’</a>&nbsp;&nbsp;<font color=""#6f6f6f"">v.daum.net</font>",https://news.google.com/rss/articles/CBMiT0FVX3lxTE4tWloydWtUYkQ0aTFvQWdVWWx1dWlsQnd2bkV3U3FTY2g2NWZNaU1vMUtuWnVnV2FNSno5Z3JGODJNWjlycmptOEVjZVVpbms?oc=5,비행기
"“우리 강아지 없인 못 나가”… 그리스, 반려동물용 중동 탈출 비행기 띄웠다 - 전자신문","<a href=""https://news.google.com/rss/articles/CBMiTkFVX3lxTE1FOUdzYTU0d3JCY3Fad1NTZF9yRU9hTHZ0QWplX3ZxV2Y0Z0c1SVc3QktaZllTQXd4clNIcmdXcnZsMFd6WkNfanloSHVJQQ?oc=5"" target=""_blank"">“우리 강아지 없인 못 나가”… 그리스, 반려동물용 중동 탈출 비행기 띄웠다</a>&nbsp;&nbsp;<font color=""#6f6f6f"">전자신문</font>",https://news.google.com/rss/articles/CBMiTkFVX3lxTE1FOUdzYTU0d3JCY3Fad1NTZF9yRU9hTHZ0QWplX3ZxV2Y0Z0c1SVc3QktaZllTQXd4clNIcmdXcnZsMFd6WkNfanloSHVJQQ?oc=5,비행기
[포토뉴스]뉴욕 라과디아 공항에서 비행기 충돌사고…조종사 2명 사망 - 경향신문,"<a href=""https://news.google.com/rss/articles/CBMiWkFVX3lxTE8zOGZLTGpYSFNBdmljLS1HSVdURE1HLWVyc25wa05WRHN5ZTlqdFJLczJTRzMwblhob3ZWN0NRN19heFd1SXZtX2RZdDVqQ3pOMGo2SWxWZ3R4Z9IBX0FVX3lxTE5RclgyZGI2Y2tIQ3R3R0xRMUFPd25BSXYzNC11NmR3SVdySUthQk82MENvS3lFR2ljZ1l2X05Sc3doWmhaMzI4MVlRR2ltYWhGbmsyb2RqYjBFcHhUczRr?oc=5"" target=""_blank"">[포토뉴스]뉴욕 라과디아 공항에서 비행기 충돌사고…조종사 2명 사망</a>&nbsp;&nbsp;<font color=""#6f6f6f"">경향신문</font>",https://news.google.com/rss/articles/CBMiWkFVX3lxTE8zOGZLTGpYSFNBdmljLS1HSVdURE1HLWVyc25wa05WRHN5ZTlqdFJLczJTRzMwblhob3ZWN0NRN19heFd1SXZtX2RZdDVqQ3pOMGo2SWxWZ3R4Z9IBX0FVX3lxTE5RclgyZGI2Y2tIQ3R3R0xRMUFPd25BSXYzNC11NmR3SVdySUthQk82MENvS3lFR2ljZ1l2X05Sc3doWmhaMzI4MVlRR2ltYWhGbmsyb2RqYjBFcHhUczRr?oc=5,비행기
오는 5월 인천-제주 직항 비행기 노선 열린다 - 조선비즈 - Chosunbiz,"<a href=""https://news.google.com/rss/articles/CBMihgFBVV95cUxOb0N1aGNSSzM3Z0IzWmQ3V1NwZkNiamVVLVhLd3V6c3Vmakg0cDZYZWlNbVc1RTRweFJ1RWRwQ19FUndFYmp3T2oyNDlQci14dURBNHhXempFd0o1cTJkVEFDSU9IWDJwcUU5UjZiZkVzd3cwalBhME9yMlpfY0k5QlpVRXlwQdIBmgFBVV95cUxQeVJ0emJ4TVRDVWFPR2ZGUEx4ZE80ZXREdXFLbVVmYzlEeGxzSUFGM25oSTAtVEpPRHozOHo5SG9BX2prOTlpSG04aTE3cldOazlzNDlPQk50WlZMRDBEcTFSdlRiZTRpNHFUTzkzclRpWWhKR0VHd05fY0prWEo0SmJQcXJRdzRMQ0YwcFRpSGNPTjZaWHJ5LXdB?oc=5"" target=""_blank"">오는 5월 인천-제주 직항 비행기 노선 열린다 - 조선비즈</a>&nbsp;&nbsp;<font color=""#6f6f6f"">Chosunbiz</font>",https://news.google.com/rss/articles/CBMihgFBVV95cUxOb0N1aGNSSzM3Z0IzWmQ3V1NwZkNiamVVLVhLd3V6c3Vmakg0cDZYZWlNbVc1RTRweFJ1RWRwQ19FUndFYmp3T2oyNDlQci14dURBNHhXempFd0o1cTJkVEFDSU9IWDJwcUU5UjZiZkVzd3cwalBhME9yMlpfY0k5QlpVRXlwQdIBmgFBVV95cUxQeVJ0emJ4TVRDVWFPR2ZGUEx4ZE80ZXREdXFLbVVmYzlEeGxzSUFGM25oSTAtVEpPRHozOHo5SG9BX2prOTlpSG04aTE3cldOazlzNDlPQk50WlZMRDBEcTFSdlRiZTRpNHFUTzkzclRpWWhKR0VHd05fY0prWEo0SmJQcXJRdzRMQ0YwcFRpSGNPTjZaWHJ5LXdB?oc=5,비행기
"유류할증료도 3배 인상 예고…""비행기 타기 부담"" - v.daum.net","<a href=""https://news.google.com/rss/articles/CBMiVEFVX3lxTE81SHBOSUhuWGdKeWhrOEdUdlhGVElWUlJLNE55OS0zTjJGQ3hhNmVZRkdGVVJURWNycEJfdHBrUWx0MGI3UmgzcFFvM2dCSEV2ZEd4cA?oc=5"" target=""_blank"">유류할증료도 3배 인상 예고…""비행기 타기 부담""</a>&nbsp;&nbsp;<font color=""#6f6f6f"">v.daum.net</font>",https://news.google.com/rss/articles/CBMiVEFVX3lxTE81SHBOSUhuWGdKeWhrOEdUdlhGVElWUlJLNE55OS0zTjJGQ3hhNmVZRkdGVVJURWNycEJfdHBrUWx0MGI3UmgzcFFvM2dCSEV2ZEd4cA?oc=5,비행기
"""비행기 띄울수록 손해""…고유가·고환율에 결국 - v.daum.net","<a href=""https://news.google.com/rss/articles/CBMiS0FVX3lxTE14OVZuNEJhZkZiTlJ0WElRNFpIRXh6bkV3YUt6QUFaMU01T0ozOTJzbUdxNGFQTlgyWFp5TUxyS2VjRTZPVTlZVlV6NA?oc=5"" target=""_blank"">""비행기 띄울수록 손해""…고유가·고환율에 결국</a>&nbsp;&nbsp;<font color=""#6f6f6f"">v.daum.net</font>",https://news.google.com/rss/articles/CBMiS0FVX3lxTE14OVZuNEJhZkZiTlJ0WElRNFpIRXh6bkV3YUt6QUFaMU01T0ozOTJzbUdxNGFQTlgyWFp5TUxyS2VjRTZPVTlZVlV6NA?oc=5,비행기
기내 배터리 적발 43만건…비행기 1편당 1건꼴 - 전남일보,"<a href=""https://news.google.com/rss/articles/CBMib0FVX3lxTFBEUjVzeGd3dzhlOFJQU2d2X1NTMzVDVmxvZHVkT1AzVmdFRE5pNE1JNUZlbExDY01COUk1aS1ENXNSbm5GUGFXUmRLMmRJUlEyYWJ0ZndUQXFOSTZvMG5KVWJGZ3pROEtybVhQSFZxaw?oc=5"" target=""_blank"">기내 배터리 적발 43만건…비행기 1편당 1건꼴</a>&nbsp;&nbsp;<font color=""#6f6f6f"">전남일보</font>",https://news.google.com/rss/articles/CBMib0FVX3lxTFBEUjVzeGd3dzhlOFJQU2d2X1NTMzVDVmxvZHVkT1AzVmdFRE5pNE1JNUZlbExDY01COUk1aS1ENXNSbm5GUGFXUmRLMmRJUlEyYWJ0ZndUQXFOSTZvMG5KVWJGZ3pROEtybVhQSFZxaw?oc=5,비행기
'실패 없는 비행기 부품 제조'… 오차 범위 1.4㎜ 벽 깨고 항공 우주 강국 앞당긴다 [언박싱 연구실] - v.daum.net,"<a href=""https://news.google.com/rss/articles/CBMiVEFVX3lxTFBEQl9vaHhsTjM1WF9saUZRWGhKT01TbGtGMlY5V3FiRnNOSzRBLURUNUxLNjdNRFAtYVRwcUFqTk5RTG11VXJYT0VKR0J5WUhnWkxmdA?oc=5"" target=""_blank"">'실패 없는 비행기 부품 제조'… 오차 범위 1.4㎜ 벽 깨고 항공 우주 강국 앞당긴다 [언박싱 연구실]</a>&nbsp;&nbsp;<font color=""#6f6f6f"">v.daum.net</font>",https://news.google.com/rss/articles/CBMiVEFVX3lxTFBEQl9vaHhsTjM1WF9saUZRWGhKT01TbGtGMlY5V3FiRnNOSzRBLURUNUxLNjdNRFAtYVRwcUFqTk5RTG11VXJYT0VKR0J5WUhnWkxmdA?oc=5,비행기
(73) 종이비행기 - 보은사람들,"<a href=""https://news.google.com/rss/articles/CBMibkFVX3lxTFBhU3NNUmd1X05Ic0Jpa0p5VmRVN2NtdFR6dlY5dUtBUDhNQzRxbWtzUW91RElxREFneVVJaFpoZmQwcHZ4QkVpcml1VV9tNHVhbFFwd2E4eS1NNEhxMHRVbjZfaFRXOFNwbDAtSGN3?oc=5"" target=""_blank"">(73) 종이비행기</a>&nbsp;&nbsp;<font color=""#6f6f6f"">보은사람들</font>",https://news.google.com/rss/articles/CBMibkFVX3lxTFBhU3NNUmd1X05Ic0Jpa0p5VmRVN2NtdFR6dlY5dUtBUDhNQzRxbWtzUW91RElxREFneVVJaFpoZmQwcHZ4QkVpcml1VV9tNHVhbFFwd2E4eS1NNEhxMHRVbjZfaFRXOFNwbDAtSGN3?oc=5,비행기
[중부안테나] 공항폐쇄·비행기 취소… 급박했던 ‘무박 4일’ - 중부매일,"<a href=""https://news.google.com/rss/articles/CBMiakFVX3lxTE9rX2hfUVM3NmtzZkZBUnVaUGhWb3BxbmZPUVF1MjFIRnIzbl9JWGdqcTBFMUlKWDlkejgxMTNLVHlnT2NweDk2NFU5U1RJX2hGRWJsWHNJeDZydEk5TjVRX3I3ZUNxSC1YMnfSAW5BVV95cUxPNE1SRUZfT19DQmNzQWt4Vno1ejlCLU1TM01mQVBCaEZpLXMyTjdpMkJIYjVYLXF0SG1QNHNKbTZHbEVHMXFiLTc5ajdZOU9rc0pENGdVd0hDM283V3p0eTNiSFo1MWVrUTJUaFdfUQ?oc=5"" target=""_blank"">[중부안테나] 공항폐쇄·비행기 취소… 급박했던 ‘무박 4일’</a>&nbsp;&nbsp;<font color=""#6f6f6f"">중부매일</font>",https://news.google.com/rss/articles/CBMiakFVX3lxTE9rX2hfUVM3NmtzZkZBUnVaUGhWb3BxbmZPUVF1MjFIRnIzbl9JWGdqcTBFMUlKWDlkejgxMTNLVHlnT2NweDk2NFU5U1RJX2hGRWJsWHNJeDZydEk5TjVRX3I3ZUNxSC1YMnfSAW5BVV95cUxPNE1SRUZfT19DQmNzQWt4Vno1ejlCLU1TM01mQVBCaEZpLXMyTjdpMkJIYjVYLXF0SG1QNHNKbTZHbEVHMXFiLTc5ajdZOU9rc0pENGdVd0hDM283V3p0eTNiSFo1MWVrUTJUaFdfUQ?oc=5,비행기
반려견 공항에 버리고 비행기 탑승…美 40대 남성 기소 - YTN,"<a href=""https://news.google.com/rss/articles/CBMiXkFVX3lxTFBRMFYzdk0yRGM3VHdnV3FUMUtweGpsRzN3VHVtYm9SeDg5RnpIbGdlZERwcDdPbTVSVDNudDJPdmJpdnhyS3U0LXNyME8tcU00S0NRRXVuZFZpY0tueGc?oc=5"" target=""_blank"">반려견 공항에 버리고 비행기 탑승…美 40대 남성 기소</a>&nbsp;&nbsp;<font color=""#6f6f6f"">YTN</font>",https://news.google.com/rss/articles/CBMiXkFVX3lxTFBRMFYzdk0yRGM3VHdnV3FUMUtweGpsRzN3VHVtYm9SeDg5RnpIbGdlZERwcDdPbTVSVDNudDJPdmJpdnhyS3U0LXNyME8tcU00S0NRRXVuZFZpY0tueGc?oc=5,비행기
'자전거'에서 이제 '마음의 비행기'가 이륙했다 — 우리는 준비된 파일럿인가 - 하이테크정보,"<a href=""https://news.google.com/rss/articles/CBMiaEFVX3lxTFBzc2ROYXlsZDNFX3hNbnNxVlZlenE3cTNkNC1ySzdaQllvUUQ0ODlDaDA1YWlnR09IWVRGSGlRZWtFXzUxQXNsRWM0RkxJQjlEQl9qVVg1V3hnbm94anZZTHdTSTRwYk900gFsQVVfeXFMTkF3eUZMOW9HN1FWNVM2c3lKcy1vRjZCRnZwaW9kVk9XZDBYT1JobDdNN2R2Tm9hdFpSTVZVUkRTbFNEMTI5RUNjOENYWklkekU1RlpPMUZxRjNSUUhxWFhOMHJ0anhvOGZLOElp?oc=5"" target=""_blank"">'자전거'에서 이제 '마음의 비행기'가 이륙했다 — 우리는 준비된 파일럿인가</a>&nbsp;&nbsp;<font color=""#6f6f6f"">하이테크정보</font>",https://news.google.com/rss/articles/CBMiaEFVX3lxTFBzc2ROYXlsZDNFX3hNbnNxVlZlenE3cTNkNC1ySzdaQllvUUQ0ODlDaDA1YWlnR09IWVRGSGlRZWtFXzUxQXNsRWM0RkxJQjlEQl9qVVg1V3hnbm94anZZTHdTSTRwYk900gFsQVVfeXFMTkF3eUZMOW9HN1FWNVM2c3lKcy1vRjZCRnZwaW9kVk9XZDBYT1JobDdNN2R2Tm9hdFpSTVZVUkRTbFNEMTI5RUNjOENYWklkekU1RlpPMUZxRjNSUUhxWFhOMHJ0anhvOGZLOElp?oc=5,비행기
전남 장성군에서 규모 2.4 지진 - KBS 뉴스,"<a href=""https://news.google.com/rss/articles/CBMiW0FVX3lxTE41V2I0bERlVzlqQ3FENHJFOVVWYWUxY2Z3bWZ5VEstLUprbjdELVpYbXFVeFowUUNBNG5lTmlVRk1iSEgyamQxNVBkYmFPZ0RKNmFuZHdmNFdpUk0?oc=5"" target=""_blank"">전남 장성군에서 규모 2.4 지진</a>&nbsp;&nbsp;<font color=""#6f6f6f"">KBS 뉴스</font>",https://news.google.com/rss/articles/CBMiW0FVX3lxTE41V2I0bERlVzlqQ3FENHJFOVVWYWUxY2Z3bWZ5VEstLUprbjdELVpYbXFVeFowUUNBNG5lTmlVRk1iSEgyamQxNVBkYmFPZ0RKNmFuZHdmNFdpUk0?oc=5,지진
"전남 장성, 새벽 0시51분에 규모 2.4 지진 발생 - 한겨레","<a href=""https://news.google.com/rss/articles/CBMiYEFVX3lxTFBJTjZXeUpPbjZPUEZhRjI3aXRRVlZ2WXdLck1NWnJob0U5R1hVTHpjMUZHNV9xOTlRRXVMOGZyOVZKb2FOMXc2azlJeEdmUXlxU2JNVV9teThDQ0lXa2xRVA?oc=5"" target=""_blank"">전남 장성, 새벽 0시51분에 규모 2.4 지진 발생</a>&nbsp;&nbsp;<font color=""#6f6f6f"">한겨레</font>",https://news.google.com/rss/articles/CBMiYEFVX3lxTFBJTjZXeUpPbjZPUEZhRjI3aXRRVlZ2WXdLck1NWnJob0U5R1hVTHpjMUZHNV9xOTlRRXVMOGZyOVZKb2FOMXc2azlJeEdmUXlxU2JNVV9teThDQ0lXa2xRVA?oc=5,지진
[사이언스게시판] 기상청 R&D로 개발한 AI 지진감지센서 '쿼크벨' 혁신제품 지정 外 - 동아사이언스,"<a href=""https://news.google.com/rss/articles/CBMiUEFVX3lxTE9ob0dxTzY1TXNReWtRM2xlYzJ2MFlMXzd1N3F5UURhNXJmSWRBYTc3RHluWnk3bW9sbXFZaUtNYWY0ZG03cURpR1h2OEtMZmRZ?oc=5"" target=""_blank"">[사이언스게시판] 기상청 R&amp;D로 개발한 AI 지진감지센서 '쿼크벨' 혁신제품 지정 外</a>&nbsp;&nbsp;<font color=""#6f6f6f"">동아사이언스</font>",https://news.google.com/rss/articles/CBMiUEFVX3lxTE9ob0dxTzY1TXNReWtRM2xlYzJ2MFlMXzd1N3F5UURhNXJmSWRBYTc3RHluWnk3bW9sbXFZaUtNYWY0ZG03cURpR1h2OEtMZmRZ?oc=5,지진
"기상청, AI 기반 지진감지센서 혁신제품 지정 - 전기신문","<a href=""https://news.google.com/rss/articles/CBMibEFVX3lxTE55UXdWU0ZDc1gxX2R6aXhyc1E5NVZBTGVrcjVNUktkVHVkOGxfN3BSQVpXSVVyc25iM1J4S0dHdnV3dVJvbXppcjUyLXUyN0JZRFBJQjVDckxrTEI0cHpkNEFhNDctUGc5U2Rmc9IBcEFVX3lxTFB6NzY2TUZZcDE3MjcxeE4wbGMtOXBBcGdIQTFWUnFpRWJzZWVleVBWSkptQ3pETDJ0M0cwZnpZbE1oTFBXZjVrMDhBdThFS2lObU14bGpHTlI1NVRGY3gxODJoTV9mYmdIbXBkOHNUZXU?oc=5"" target=""_blank"">기상청, AI 기반 지진감지센서 혁신제품 지정</a>&nbsp;&nbsp;<font color=""#6f6f6f"">전기신문</font>",https://news.google.com/rss/articles/CBMibEFVX3lxTE55UXdWU0ZDc1gxX2R6aXhyc1E5NVZBTGVrcjVNUktkVHVkOGxfN3BSQVpXSVVyc25iM1J4S0dHdnV3dVJvbXppcjUyLXUyN0JZRFBJQjVDckxrTEI0cHpkNEFhNDctUGc5U2Rmc9IBcEFVX3lxTFB6NzY2TUZZcDE3MjcxeE4wbGMtOXBBcGdIQTFWUnFpRWJzZWVleVBWSkptQ3pETDJ0M0cwZnpZbE1oTFBXZjVrMDhBdThFS2lObU14bGpHTlI1NVRGY3gxODJoTV9mYmdIbXBkOHNUZXU?oc=5,지진
남태평양 사모아 남서쪽 바다서 규모 6.2 지진 발생 - 연합뉴스,"<a href=""https://news.google.com/rss/articles/CBMiW0FVX3lxTE8tSEQtRVVvaXZPX0JVQklRTGVjSTlSbTV5MjZ6b2hKTUFQLTNOajdPak1IalRkY3NGUlk1bzhSWGxEenJUTHMzTTllTFFYMUVDaGhId0pwWU1FYknSAWBBVV95cUxNblEtbkJrWW04WHM4WTdhM0lIdDU1MFVrWXpVQUl1Q1lFRE5OOURrNFZMR29yWDdORjJnY203TTVoUFNKRGZZa01sYkZzUDFfVWg4QjRYU3NaTlVORGxreFY?oc=5"" target=""_blank"">남태평양 사모아 남서쪽 바다서 규모 6.2 지진 발생</a>&nbsp;&nbsp;<font color=""#6f6f6f"">연합뉴스</font>",https://news.google.com/rss/articles/CBMiW0FVX3lxTE8tSEQtRVVvaXZPX0JVQklRTGVjSTlSbTV5MjZ6b2hKTUFQLTNOajdPak1IalRkY3NGUlk1bzhSWGxEenJUTHMzTTllTFFYMUVDaGhId0pwWU1FYknSAWBBVV95cUxNblEtbkJrWW04WHM4WTdhM0lIdDU1MFVrWXpVQUl1Q1lFRE5OOURrNFZMR29yWDdORjJnY203TTVoUFNKRGZZa01sYkZzUDFfVWg4QjRYU3NaTlVORGxreFY?oc=5,지진
장성서 규모 2.4 지진…육상서 이례적 - v.daum.net,"<a href=""https://news.google.com/rss/articles/CBMiRkFVX3lxTE5CRDY3RW1oNENrODg5aVZONGc5cUpnLWMxWnlLc3V6bml3NUFkRmg5QWV2QUNHMjlUWFpUOFlmYWkwYWFBMFE?oc=5"" target=""_blank"">장성서 규모 2.4 지진…육상서 이례적</a>&nbsp;&nbsp;<font color=""#6f6f6f"">v.daum.net</font>",https://news.google.com/rss/articles/CBMiRkFVX3lxTE5CRDY3RW1oNENrODg5aVZONGc5cUpnLWMxWnlLc3V6bml3NUFkRmg5QWV2QUNHMjlUWFpUOFlmYWkwYWFBMFE?oc=5,지진
북대서양 중앙 해령 바다서 규모 6.7 지진 - 경향신문,"<a href=""https://news.google.com/rss/articles/CBMiWkFVX3lxTE1Udkc0NVpMMnZtenZ3ZU9Ca2hkOGk5Z2p2cjR6NTdtWTl2SlJkalRoaHc2cTIxV0RwZGxCVWxSN2dsYnZObWNtU19JYTBSSk9XLXVzSEtHakg1UdIBX0FVX3lxTE51UUdYZGZPQmZkZG51aXh3YUhjZFc5dmpkZ2tJNEUtX0lUanpNcmY1Tmw4MXpyVlk0TWZpLVFOMk1VdjR4WGtNWnl4U1pGN1ZxZ2NJLUg4UkQ1R1pFeHBF?oc=5"" target=""_blank"">북대서양 중앙 해령 바다서 규모 6.7 지진</a>&nbsp;&nbsp;<font color=""#6f6f6f"">경향신문</font>",https://news.google.com/rss/articles/CBMiWkFVX3lxTE1Udkc0NVpMMnZtenZ3ZU9Ca2hkOGk5Z2p2cjR6NTdtWTl2SlJkalRoaHc2cTIxV0RwZGxCVWxSN2dsYnZObWNtU19JYTBSSk9XLXVzSEtHakg1UdIBX0FVX3lxTE51UUdYZGZPQmZkZG51aXh3YUhjZFc5dmpkZ2tJNEUtX0lUanpNcmY1Tmw4MXpyVlk0TWZpLVFOMk1VdjR4WGtNWnl4U1pGN1ZxZ2NJLUg4UkQ1R1pFeHBF?oc=5,지진
"""집이 흔들려요"" 장성서 지진 관련 신고 2건 - 뉴스1","<a href=""https://news.google.com/rss/articles/CBMiX0FVX3lxTE9ubXptT2NsQm1pMTQ0VW5nTGxxeTMzV2hxWmZCcm1nMGh2RFNhaWZVeVg4RHlFdml2U2ZtdGFac21nNjJKZVplS1FOY0dxNFNwNWItM3VPaU43aWlCWG9Z?oc=5"" target=""_blank"">""집이 흔들려요"" 장성서 지진 관련 신고 2건</a>&nbsp;&nbsp;<font color=""#6f6f6f"">뉴스1</font>",https://news.google.com/rss/articles/CBMiX0FVX3lxTE9ubXptT2NsQm1pMTQ0VW5nTGxxeTMzV2hxWmZCcm1nMGh2RFNhaWZVeVg4RHlFdml2U2ZtdGFac21nNjJKZVplS1FOY0dxNFNwNWItM3VPaU43aWlCWG9Z?oc=5,지진
장성서 규모 2.4 지진…'집 흔들린다' 신고 2건 - 뉴시스,"<a href=""https://news.google.com/rss/articles/CBMieEFVX3lxTFBVbjlNc1paLXR6akVyMm44TFJ3Uk5YS1R1YXVxbTJQVlVLTVVmQjNUMVVZeUNUcjNRb1cwRWE1M1diZndfU0xKVDdOU3BacEM3djVBbFNzOEVWVWstQkhUVlMtVUQ5UEpCOGdvbGdnUEFSOFd3bzFaRNIBeEFVX3lxTFBVbjlNc1paLXR6akVyMm44TFJ3Uk5YS1R1YXVxbTJQVlVLTVVmQjNUMVVZeUNUcjNRb1cwRWE1M1diZndfU0xKVDdOU3BacEM3djVBbFNzOEVWVWstQkhUVlMtVUQ5UEpCOGdvbGdnUEFSOFd3bzFaRA?oc=5"" target=""_blank"">장성서 규모 2.4 지진…'집 흔들린다' 신고 2건</a>&nbsp;&nbsp;<font color=""#6f6f6f"">뉴시스</font>",https://news.google.com/rss/articles/CBMieEFVX3lxTFBVbjlNc1paLXR6akVyMm44TFJ3Uk5YS1R1YXVxbTJQVlVLTVVmQjNUMVVZeUNUcjNRb1cwRWE1M1diZndfU0xKVDdOU3BacEM3djVBbFNzOEVWVWstQkhUVlMtVUQ5UEpCOGdvbGdnUEFSOFd3bzFaRNIBeEFVX3lxTFBVbjlNc1paLXR6akVyMm44TFJ3Uk5YS1R1YXVxbTJQVlVLTVVmQjNUMVVZeUNUcjNRb1cwRWE1M1diZndfU0xKVDdOU3BacEM3djVBbFNzOEVWVWstQkhUVlMtVUQ5UEpCOGdvbGdnUEFSOFd3bzFaRA?oc=5,지진
장성 규모 2.4 지진 발생...흔들림 신고 2건 접수 - KBC광주방송,"<a href=""https://news.google.com/rss/articles/CBMiZ0FVX3lxTE5hUDVEX0xJYzFYUXlpTS1nZm55WmxPTXF3dWpfZmhvNTdVZmJSSkJzRVVIQXB6YU52dWZFLUhRRGd1QVpYeXpWUHJNR2hrOFh6bV92ellLamZtaDBxcnpKX1lObkdULTA?oc=5"" target=""_blank"">장성 규모 2.4 지진 발생...흔들림 신고 2건 접수</a>&nbsp;&nbsp;<font color=""#6f6f6f"">KBC광주방송</font>",https://news.google.com/rss/articles/CBMiZ0FVX3lxTE5hUDVEX0xJYzFYUXlpTS1nZm55WmxPTXF3dWpfZmhvNTdVZmJSSkJzRVVIQXB6YU52dWZFLUhRRGd1QVpYeXpWUHJNR2hrOFh6bV92ellLamZtaDBxcnpKX1lObkdULTA?oc=5,지진
북대서양 중앙 해령 바다서 규모 6.7 지진 - 연합뉴스,"<a href=""https://news.google.com/rss/articles/CBMiW0FVX3lxTE40dkRMOUlCSjVYeWgxLVlwY0FYMmwyMzBDNV9xSVUwQVdEY2lWUlJwdDBmRDZxaHVPRUhIZ0NKbjFtUEhKekhYcUx2V3VUWXRMMXd1TFp3cW53bTDSAWBBVV95cUxOMzllMDc4VXIteENqeko0Ui1HbzFUa1BqWlB4blBqZ2txTGt6Qk5hLTZVTTVYNjFLcUNaUXVyOHkzNGFuWDVWcjc3ZDREazJzLUZ4bXBTMk1OZDNmYTA4b1Q?oc=5"" target=""_blank"">북대서양 중앙 해령 바다서 규모 6.7 지진</a>&nbsp;&nbsp;<font color=""#6f6f6f"">연합뉴스</font>",https://news.google.com/rss/articles/CBMiW0FVX3lxTE40dkRMOUlCSjVYeWgxLVlwY0FYMmwyMzBDNV9xSVUwQVdEY2lWUlJwdDBmRDZxaHVPRUhIZ0NKbjFtUEhKekhYcUx2V3VUWXRMMXd1TFp3cW53bTDSAWBBVV95cUxOMzllMDc4VXIteENqeko0Ui1HbzFUa1BqWlB4blBqZ2txTGt6Qk5hLTZVTTVYNjFLcUNaUXVyOHkzNGFuWDVWcjc3ZDREazJzLUZ4bXBTMk1OZDNmYTA4b1Q?oc=5,지진
전남 장성군에서 규모 2.4 지진 - v.daum.net,"<a href=""https://news.google.com/rss/articles/CBMiT0FVX3lxTE14VWZYbk5INDVQd2FIRWhhU083bm12X0QwQzMzNVNlTE1TOTJLUmxVekNVSzk4X3FpcXVUekFna3ZZd1pKQXRtRzVXeWpqN3M?oc=5"" target=""_blank"">전남 장성군에서 규모 2.4 지진</a>&nbsp;&nbsp;<font color=""#6f6f6f"">v.daum.net</font>",https://news.google.com/rss/articles/CBMiT0FVX3lxTE14VWZYbk5INDVQd2FIRWhhU083bm12X0QwQzMzNVNlTE1TOTJLUmxVekNVSzk4X3FpcXVUekFna3ZZd1pKQXRtRzVXeWpqN3M?oc=5,지진
트럼프 “그럼 진주만 공습 왜 미리 말 안했나”…다카이치 ‘동공지진’ - v.daum.net,"<a href=""https://news.google.com/rss/articles/CBMiRkFVX3lxTFBfc01PTjA4R2VQa0xRSEZob2pPSkpDRlVCREFUMGFlaVd6cmhVMlNZa3lQczFQSXNoR3pjM2w2SHBYYi1PYUE?oc=5"" target=""_blank"">트럼프 “그럼 진주만 공습 왜 미리 말 안했나”…다카이치 ‘동공지진’</a>&nbsp;&nbsp;<font color=""#6f6f6f"">v.daum.net</font>",https://news.google.com/rss/articles/CBMiRkFVX3lxTFBfc01PTjA4R2VQa0xRSEZob2pPSkpDRlVCREFUMGFlaVd6cmhVMlNZa3lQczFQSXNoR3pjM2w2SHBYYi1PYUE?oc=5,지진
남태평양 바누아투 남쪽 바다 규모 6.1 지진 - 연합뉴스,"<a href=""https://news.google.com/rss/articles/CBMiW0FVX3lxTE1BRVJkeEUwU1BRR0hUNjg3YlRQZzNVbzBIM3hwZXpZZUY4WExrUldUSkJZdlh0SEI2M2FKM1lqXzZJYm15RUlzUHc4Q0s5X1FIaGJVTjdWdk5uSEHSAWBBVV95cUxQeFdTSlBybno0SWZtc1pzVHFFakJjbldNQkZnd2p5TkcxbGJYUFY1TXpaa3ZYYWJ4bUdPT2h6YlQ2R29ZZ2pVZ0NNOFJQZ2xId1Y3c2JKWGdickkzQ3JyUnA?oc=5"" target=""_blank"">남태평양 바누아투 남쪽 바다 규모 6.1 지진</a>&nbsp;&nbsp;<font color=""#6f6f6f"">연합뉴스</font>",https://news.google.com/rss/articles/CBMiW0FVX3lxTE1BRVJkeEUwU1BRR0hUNjg3YlRQZzNVbzBIM3hwZXpZZUY4WExrUldUSkJZdlh0SEI2M2FKM1lqXzZJYm15RUlzUHc4Q0s5X1FIaGJVTjdWdk5uSEHSAWBBVV95cUxQeFdTSlBybno0SWZtc1pzVHFFakJjbldNQkZnd2p5TkcxbGJYUFY1TXpaa3ZYYWJ4bUdPT2h6YlQ2R29ZZ2pVZ0NNOFJQZ2xId1Y3c2JKWGdickkzQ3JyUnA?oc=5,지진
사모아 아피아 남남서쪽 바다서 규모 6.2 지진 - 연합뉴스,"<a href=""https://news.google.com/rss/articles/CBMiW0FVX3lxTE04cG5VS0pRMUx4VmloOWJfeXBnX3ZIbHJtX1hMZDN2X0U1MjRxTkw3aGtRa1l2MlFoODlOVE9xemZISURaWEJ2cnNxTlJKRk45YlZ3YnlrNndIcm_SAWBBVV95cUxOTk92VnVXT3F1OVZrX2Y5VmdrdktOSURXa204dDN6a1RiLVp4NkVmUmJ4bmVfY1I3YTc5Q0o1UXItLURrZzZyZGdfVVdKN1Y3YWxxWmFzSjBVZURDMTlyclA?oc=5"" target=""_blank"">사모아 아피아 남남서쪽 바다서 규모 6.2 지진</a>&nbsp;&nbsp;<font color=""#6f6f6f"">연합뉴스</font>",https://news.google.com/rss/articles/CBMiW0FVX3lxTE04cG5VS0pRMUx4VmloOWJfeXBnX3ZIbHJtX1hMZDN2X0U1MjRxTkw3aGtRa1l2MlFoODlOVE9xemZISURaWEJ2cnNxTlJKRk45YlZ3YnlrNndIcm_SAWBBVV95cUxOTk92VnVXT3F1OVZrX2Y5VmdrdktOSURXa204dDN6a1RiLVp4NkVmUmJ4bmVfY1I3YTc5Q0o1UXItLURrZzZyZGdfVVdKN1Y3YWxxWmFzSjBVZURDMTlyclA?oc=5,지진
트럼프 “그럼 진주만 공습 왜 미리 말 안했나”…다카이치 ‘동공지진’ - 동아일보,"<a href=""https://news.google.com/rss/articles/CBMic0FVX3lxTE5nT1VrNjJWVUZjX2xDTXhyQjl6Vi1FZmQ3NWpYZmJxbENReE10bm0zZHlHNFhYVmU3ZFRNajN5ZzVjclUwV2FIcUFWZXNPbVgwWEtRdlFYZUhEa2tlNGpZaWlHclMxLTVmRkN5WkphVVM0WnPSAWZBVV95cUxQMTlMX3R2bVl5MjBuekxyaC1Qd0YxbngyNERNejVxQmc4SUMxamJmZkFPY0pIMDZWbmtQVGUyejZQRGdXd0h3c194YlhOUnotNDJLVHBITmEtODNBTmNJZV9maHc3ekE?oc=5"" target=""_blank"">트럼프 “그럼 진주만 공습 왜 미리 말 안했나”…다카이치 ‘동공지진’</a>&nbsp;&nbsp;<font color=""#6f6f6f"">동아일보</font>",https://news.google.com/rss/articles/CBMic0FVX3lxTE5nT1VrNjJWVUZjX2xDTXhyQjl6Vi1FZmQ3NWpYZmJxbENReE10bm0zZHlHNFhYVmU3ZFRNajN5ZzVjclUwV2FIcUFWZXNPbVgwWEtRdlFYZUhEa2tlNGpZaWlHclMxLTVmRkN5WkphVVM0WnPSAWZBVV95cUxQMTlMX3R2bVl5MjBuekxyaC1Qd0YxbngyNERNejVxQmc4SUMxamJmZkFPY0pIMDZWbmtQVGUyejZQRGdXd0h3c194YlhOUnotNDJLVHBITmEtODNBTmNJZV9maHc3ekE?oc=5,지진
"""왜 안 알렸냐고? 진주만은?"" 다카이치 순간 '동공지진' [현장영상] - MBC 뉴스","<a href=""https://news.google.com/rss/articles/CBMidEFVX3lxTE90bmtPbk44UDh0MVlDc3JOS1E4QlJMUTVGYlNDdDdUUHVzUnItQ2l1Rkg4SEw4UFZMNVhsa0lBc3VvYzk3aDV2R0VnelplQTVXV1RGM09ETnlKNmcxMEtfQkhXZkx3Q0pIUkdPRWZyMEg1b3dY0gF0QVVfeXFMUDQ3c21ibktDQWQ4N01pWEdwRldDVGlDR1RWOWlvRzk0Qm1zaWNfSWU0dkNMajQ3NkJLeTRkdGFnYnhGTkloa05IVnktR2hMbnd6enFhLW5rY3dxUTc5ZFRWTElPbmc4Ums3Rjk1SFhMVXJNeFk?oc=5"" target=""_blank"">""왜 안 알렸냐고? 진주만은?"" 다카이치 순간 '동공지진' [현장영상]</a>&nbsp;&nbsp;<font color=""#6f6f6f"">MBC 뉴스</font>",https://news.google.com/rss/articles/CBMidEFVX3lxTE90bmtPbk44UDh0MVlDc3JOS1E4QlJMUTVGYlNDdDdUUHVzUnItQ2l1Rkg4SEw4UFZMNVhsa0lBc3VvYzk3aDV2R0VnelplQTVXV1RGM09ETnlKNmcxMEtfQkhXZkx3Q0pIUkdPRWZyMEg1b3dY0gF0QVVfeXFMUDQ3c21ibktDQWQ4N01pWEdwRldDVGlDR1RWOWlvRzk0Qm1zaWNfSWU0dkNMajQ3NkJLeTRkdGFnYnhGTkloa05IVnktR2hMbnd6enFhLW5rY3dxUTc5ZFRWTElPbmc4Ums3Rjk1SFhMVXJNeFk?oc=5,지진
오늘 새벽 장성군에서 규모 2.4 지진 - KBS 뉴스,"<a href=""https://news.google.com/rss/articles/CBMiW0FVX3lxTE9zYmtWcVJ5X2lYdTN3VFpwUG9RLUZVb05PU3cwZkY4RTd2QXE1YXFxS0hNRFhMS0xGdkg4dkEybkhEVXhOMG03RzdLbXBsSFdpQkU0c0VvWTVVSGs?oc=5"" target=""_blank"">오늘 새벽 장성군에서 규모 2.4 지진</a>&nbsp;&nbsp;<font color=""#6f6f6f"">KBS 뉴스</font>",https://news.google.com/rss/articles/CBMiW0FVX3lxTE9zYmtWcVJ5X2lYdTN3VFpwUG9RLUZVb05PU3cwZkY4RTd2QXE1YXFxS0hNRFhMS0xGdkg4dkEybkhEVXhOMG03RzdLbXBsSFdpQkU0c0VvWTVVSGs?oc=5,지진
전남 장성군서 규모 2.4 지진 - 드림투데이,"<a href=""https://news.google.com/rss/articles/CBMiakFVX3lxTE14ZlJwaHgzTl9NamR4RWhMVXQ4OTRkX3NLenBxZHhDRk1zNGtkSXVXc2dVellXZE9JblAwb0FVaG5ueG9EVU1xLVAycUtNNWhqcm1wQWNRckctRUV4aWZDT3RwQXRUMWl5ZlE?oc=5"" target=""_blank"">전남 장성군서 규모 2.4 지진</a>&nbsp;&nbsp;<font color=""#6f6f6f"">드림투데이</font>",https://news.google.com/rss/articles/CBMiakFVX3lxTE14ZlJwaHgzTl9NamR4RWhMVXQ4OTRkX3NLenBxZHhDRk1zNGtkSXVXc2dVellXZE9JblAwb0FVaG5ueG9EVU1xLVAycUtNNWhqcm1wQWNRckctRUV4aWZDT3RwQXRUMWl5ZlE?oc=5,지진
"여름철 태풍‧호우 대비, 풍수해‧지진 재해보험으로 미리 준비하세요 - 거제인터넷신문","<a href=""https://news.google.com/rss/articles/CBMiYkFVX3lxTE9mZmVGNUVXdFVBT3JMZjI2bTdJTnRWZWZINXphRGRza0psX2pMSkp3ZnBWZS1pOUhJOXNXMkZDbVBmRmpQbUJJd0dySjdwQTJkMXRVQU1aQm5ST0VpVmFzSzNR0gFmQVVfeXFMTmxuZm9CUkxkV3hEZE1hRlBicUNzYzRLcVhmTF9ZTDBkMHhJcElGd3VLRWJWeVBDMjJldW51LTdRbGl2aUlHTU82WXAydTNwUTRDLUFyYVpGRndSZzh3bWF1NXQxZkJn?oc=5"" target=""_blank"">여름철 태풍‧호우 대비, 풍수해‧지진 재해보험으로 미리 준비하세요</a>&nbsp;&nbsp;<font color=""#6f6f6f"">거제인터넷신문</font>",https://news.google.com/rss/articles/CBMiYkFVX3lxTE9mZmVGNUVXdFVBT3JMZjI2bTdJTnRWZWZINXphRGRza0psX2pMSkp3ZnBWZS1pOUhJOXNXMkZDbVBmRmpQbUJJd0dySjdwQTJkMXRVQU1aQm5ST0VpVmFzSzNR0gFmQVVfeXFMTmxuZm9CUkxkV3hEZE1hRlBicUNzYzRLcVhmTF9ZTDBkMHhJcElGd3VLRWJWeVBDMjJldW51LTdRbGl2aUlHTU82WXAydTNwUTRDLUFyYVpGRndSZzh3bWF1NXQxZkJn?oc=5,지진
"지진 감지 정밀해지나…AI 센서, 공공시장 진입 신호탄 - 쿠키뉴스","<a href=""https://news.google.com/rss/articles/CBMiY0FVX3lxTE1jQVNJRlZLNDd2UGVrdm9tMUpRQVQwQmlSWUZ6Szk1RTFFYkgydTBIb0RibTdMbFgySWtNMlh0Uk5VZ0twRzFUNXd4WWE0SWNxUXlvOGNKNERycDdDcHhLTHVmdw?oc=5"" target=""_blank"">지진 감지 정밀해지나…AI 센서, 공공시장 진입 신호탄</a>&nbsp;&nbsp;<font color=""#6f6f6f"">쿠키뉴스</font>",https://news.google.com/rss/articles/CBMiY0FVX3lxTE1jQVNJRlZLNDd2UGVrdm9tMUpRQVQwQmlSWUZ6Szk1RTFFYkgydTBIb0RibTdMbFgySWtNMlh0Uk5VZ0twRzFUNXd4WWE0SWNxUXlvOGNKNERycDdDcHhLTHVmdw?oc=5,지진
전남 장성군 북쪽 18km 지점서 규모 2.4 지진 발생 - 대한경제,"<a href=""https://news.google.com/rss/articles/CBMidEFVX3lxTE1uWWJ3QlYtaWRBTEIydTFubm9NbkI2M08tOXVUWlZDR1B1eUhsTmxBT0l4OWJoUnlBY29VZHhSTk1sUmtTcXlMcXNJay1QS2M0dEt3MWpaM0p6UlNPNkRPelJBTUxiQkNkcTV1SlZjVFlYLUYx?oc=5"" target=""_blank"">전남 장성군 북쪽 18km 지점서 규모 2.4 지진 발생</a>&nbsp;&nbsp;<font color=""#6f6f6f"">대한경제</font>",https://news.google.com/rss/articles/CBMidEFVX3lxTE1uWWJ3QlYtaWRBTEIydTFubm9NbkI2M08tOXVUWlZDR1B1eUhsTmxBT0l4OWJoUnlBY29VZHhSTk1sUmtTcXlMcXNJay1QS2M0dEt3MWpaM0p6UlNPNkRPelJBTUxiQkNkcTV1SlZjVFlYLUYx?oc=5,지진
"전남 장성군 북쪽 18㎞ 지역 규모 2.4 지진…""안전 유의"" - 뉴시스","<a href=""https://news.google.com/rss/articles/CBMieEFVX3lxTE1HTUxFamxOSUI3TnVpQWxuN0xoaFNNdE53aThQV0w2UWRyVEV5M3dESVBPc0VlQ0o0WlBYeENhb3Vmc1ZaYnQ1VnNyeC11ZVdTUmZ0TExPZFEtOWNLZFFrV0VqWUxodjYyYkNIcHgzVU45bFhRM3p3R9IBeEFVX3lxTE1HTUxFamxOSUI3TnVpQWxuN0xoaFNNdE53aThQV0w2UWRyVEV5M3dESVBPc0VlQ0o0WlBYeENhb3Vmc1ZaYnQ1VnNyeC11ZVdTUmZ0TExPZFEtOWNLZFFrV0VqWUxodjYyYkNIcHgzVU45bFhRM3p3Rw?oc=5"" target=""_blank"">전남 장성군 북쪽 18㎞ 지역 규모 2.4 지진…""안전 유의""</a>&nbsp;&nbsp;<font color=""#6f6f6f"">뉴시스</font>",https://news.google.com/rss/articles/CBMieEFVX3lxTE1HTUxFamxOSUI3TnVpQWxuN0xoaFNNdE53aThQV0w2UWRyVEV5M3dESVBPc0VlQ0o0WlBYeENhb3Vmc1ZaYnQ1VnNyeC11ZVdTUmZ0TExPZFEtOWNLZFFrV0VqWUxodjYyYkNIcHgzVU45bFhRM3p3R9IBeEFVX3lxTE1HTUxFamxOSUI3TnVpQWxuN0xoaFNNdE53aThQV0w2UWRyVEV5M3dESVBPc0VlQ0o0WlBYeENhb3Vmc1ZaYnQ1VnNyeC11ZVdTUmZ0TExPZFEtOWNLZFFrV0VqWUxodjYyYkNIcHgzVU45bFhRM3p3Rw?oc=5,지진
"""집이 흔들린다"" 한밤중 전남 장성서 규모 2.4 지진에 신고 11건 - 한국일보","<a href=""https://news.google.com/rss/articles/CBMic0FVX3lxTFBEY3JTSmV4bW1sc2RkdmR6cEJKRHVWYmFDT3Jvb3NhNVRMcGVyR2FUMjR1b01DYzFkUzFWRVppYVNyeTVBV1hxOGpCbFFkN0E0c1ppM0U3Yld0bEE2SVBpRWJpOGYyT2toSEVoTGhhMmVUdlXSAXNBVV95cUxQRGNyU0pleG1tbHNkZHZkenBCSkR1VmJhQ09yb29zYTVUTHBlckdhVDI0dW9NQ2MxZFMxVkVaaWFTcnk1QVdYcThqQmxRZDdBNHNaaTNFN2JXdGxBNklQaUViaThmMk9raEhFaExoYTJlVHZV?oc=5"" target=""_blank"">""집이 흔들린다"" 한밤중 전남 장성서 규모 2.4 지진에 신고 11건</a>&nbsp;&nbsp;<font color=""#6f6f6f"">한국일보</font>",https://news.google.com/rss/articles/CBMic0FVX3lxTFBEY3JTSmV4bW1sc2RkdmR6cEJKRHVWYmFDT3Jvb3NhNVRMcGVyR2FUMjR1b01DYzFkUzFWRVppYVNyeTVBV1hxOGpCbFFkN0E0c1ppM0U3Yld0bEE2SVBpRWJpOGYyT2toSEVoTGhhMmVUdlXSAXNBVV95cUxQRGNyU0pleG1tbHNkZHZkenBCSkR1VmJhQ09yb29zYTVUTHBlckdhVDI0dW9NQ2MxZFMxVkVaaWFTcnk1QVdYcThqQmxRZDdBNHNaaTNFN2JXdGxBNklQaUViaThmMk9raEhFaExoYTJlVHZV?oc=5,지진
지적장애男 구타하고 담뱃불 지진 소년범들에 징역형 구형 - 뉴스1,"<a href=""https://news.google.com/rss/articles/CBMiZEFVX3lxTE40a2ZicThNTjNEZ1czOUpYbkgzNG1qbVRNMk9PR25EeVdBbnFudHhvSnNrQks4MHdOUzFzdng5Vlk5a0xzZXU4UXZZeEdFNmlfcFl5SlJhT2VpZHpmaS1ueGNCWjE?oc=5"" target=""_blank"">지적장애男 구타하고 담뱃불 지진 소년범들에 징역형 구형</a>&nbsp;&nbsp;<font color=""#6f6f6f"">뉴스1</font>",https://news.google.com/rss/articles/CBMiZEFVX3lxTE40a2ZicThNTjNEZ1czOUpYbkgzNG1qbVRNMk9PR25EeVdBbnFudHhvSnNrQks4MHdOUzFzdng5Vlk5a0xzZXU4UXZZeEdFNmlfcFl5SlJhT2VpZHpmaS1ueGNCWjE?oc=5,지진
"[강세 토픽] 지진 테마, LS마린솔루션 +9.09%, 삼일씨엔에스 +3.28% - 조선비즈 - Chosunbiz","<a href=""https://news.google.com/rss/articles/CBMilwFBVV95cUxPNWJhWGxBVnloS0RhZTIxR3dib0xUUTFfQVFrOERyTGNJbFVoaVpSLWdwWUduR3prSGNmSkdIdnZwdUN1Y0VQWFN1eHRabjNTRGZjYzF6Z0dSTlFVQmNGdmFBUTJPTUlpWXY3dlp4aGVoLUdibTZPVHRMSk13a0VuZ3VmREZnZ3ctRkhkaHJHUVllcHp6c1NZ0gGXAUFVX3lxTE81YmFYbEFWeWhLRGFlMjFHd2JvTFRRMV9BUWs4RHJMY0lsVWhpWlItZ3BZR25HemtIY2ZKR0h2dnB1Q3VjRVBYU3V4dFpuM1NEZmNjMXpnR1JOUVVCY0Z2YUFRMk9NSWlZdjd2WnhoZWgtR2JtNk9UdExKTXdrRW5ndWZERmdndy1GSGRockdRWWVwenpzU1k?oc=5"" target=""_blank"">[강세 토픽] 지진 테마, LS마린솔루션 +9.09%, 삼일씨엔에스 +3.28% - 조선비즈</a>&nbsp;&nbsp;<font color=""#6f6f6f"">Chosunbiz</font>",https://news.google.com/rss/articles/CBMilwFBVV95cUxPNWJhWGxBVnloS0RhZTIxR3dib0xUUTFfQVFrOERyTGNJbFVoaVpSLWdwWUduR3prSGNmSkdIdnZwdUN1Y0VQWFN1eHRabjNTRGZjYzF6Z0dSTlFVQmNGdmFBUTJPTUlpWXY3dlp4aGVoLUdibTZPVHRMSk13a0VuZ3VmREZnZ3ctRkhkaHJHUVllcHp6c1NZ0gGXAUFVX3lxTE81YmFYbEFWeWhLRGFlMjFHd2JvTFRRMV9BUWs4RHJMY0lsVWhpWlItZ3BZR25HemtIY2ZKR0h2dnB1Q3VjRVBYU3V4dFpuM1NEZmNjMXpnR1JOUVVCY0Z2YUFRMk9NSWlZdjd2WnhoZWgtR2JtNk9UdExKTXdrRW5ndWZERmdndy1GSGRockdRWWVwenpzU1k?oc=5,지진
로봇이 티라노사우루스가 내는 것과 같은 지진을 일으켜 달의 자원을 개발한다. - Vietnam.vn,"<a href=""https://news.google.com/rss/articles/CBMiqAFBVV95cUxPT1RYMF9BMXQwTWxoZUNwM0NqSnp4S3hQNTM2V2lqblFZYmpHb1RMWUxsZWkwVUlrSlR6aGxXZDE2QkdLQXN0N1BKdGZRNDBNd2tPVi1BZ3FfbWIzRXl3dmZuZklzOWFRNHFwR0ljY2VBLUlUY0YyRURkQ2tIcVhXSUljTEMzQXR0NzFTT2dMLWRkNDI3V04yQzhqeWFpNEhGa1J0U19HRmc?oc=5"" target=""_blank"">로봇이 티라노사우루스가 내는 것과 같은 지진을 일으켜 달의 자원을 개발한다.</a>&nbsp;&nbsp;<font color=""#6f6f6f"">Vietnam.vn</font>",https://news.google.com/rss/articles/CBMiqAFBVV95cUxPT1RYMF9BMXQwTWxoZUNwM0NqSnp4S3hQNTM2V2lqblFZYmpHb1RMWUxsZWkwVUlrSlR6aGxXZDE2QkdLQXN0N1BKdGZRNDBNd2tPVi1BZ3FfbWIzRXl3dmZuZklzOWFRNHFwR0ljY2VBLUlUY0YyRURkQ2tIcVhXSUljTEMzQXR0NzFTT2dMLWRkNDI3V04yQzhqeWFpNEhGa1J0U19HRmc?oc=5,지진
[속보] 북대서양 중앙 해령 바다서 규모 6.7 지진 - 헤럴드경제,"<a href=""https://news.google.com/rss/articles/CBMiVkFVX3lxTE4zSU4yY29mX1NJQWNob0ZxM3FhOE0xTGwwU1dvOTNzWGZJQVppUEpGNWV3X213NXcwb3RsWjd3LVFIal85bDBKOWlJMDU5R2IxcHhjbmp3?oc=5"" target=""_blank"">[속보] 북대서양 중앙 해령 바다서 규모 6.7 지진</a>&nbsp;&nbsp;<font color=""#6f6f6f"">헤럴드경제</font>",https://news.google.com/rss/articles/CBMiVkFVX3lxTE4zSU4yY29mX1NJQWNob0ZxM3FhOE0xTGwwU1dvOTNzWGZJQVppUEpGNWV3X213NXcwb3RsWjd3LVFIal85bDBKOWlJMDU5R2IxcHhjbmp3?oc=5,지진
"""일본은 진주만 공습 예고했나""…보법이 다른 외교 매너에 다카이치 '동공 지진' - 연합뉴스","<a href=""https://news.google.com/rss/articles/CBMiYEFVX3lxTFBUOTFiWFUwbUJWOVhoTFVudjVvRWhmM1hORUVxV2ZDeXBOcXZXcXNMenNZR2VzdUQ3dE9LbFZDZ0Fza1N2WnJaaTlDUzdibkVvTm1vMkF6a2RwZ284NGJZMdIBYEFVX3lxTFBUOTFiWFUwbUJWOVhoTFVudjVvRWhmM1hORUVxV2ZDeXBOcXZXcXNMenNZR2VzdUQ3dE9LbFZDZ0Fza1N2WnJaaTlDUzdibkVvTm1vMkF6a2RwZ284NGJZMQ?oc=5"" target=""_blank"">""일본은 진주만 공습 예고했나""…보법이 다른 외교 매너에 다카이치 '동공 지진'</a>&nbsp;&nbsp;<font color=""#6f6f6f"">연합뉴스</font>",https://news.google.com/rss/articles/CBMiYEFVX3lxTFBUOTFiWFUwbUJWOVhoTFVudjVvRWhmM1hORUVxV2ZDeXBOcXZXcXNMenNZR2VzdUQ3dE9LbFZDZ0Fza1N2WnJaaTlDUzdibkVvTm1vMkF6a2RwZ284NGJZMdIBYEFVX3lxTFBUOTFiWFUwbUJWOVhoTFVudjVvRWhmM1hORUVxV2ZDeXBOcXZXcXNMenNZR2VzdUQ3dE9LbFZDZ0Fza1N2WnJaaTlDUzdibkVvTm1vMkF6a2RwZ284NGJZMQ?oc=5,지진
"기상청 ""전남 장성 북쪽서 규모 2.4 지진 발생"" - MBC 뉴스","<a href=""https://news.google.com/rss/articles/CBMid0FVX3lxTE10R09mMFdQUllha3RHS1VNX2hFYVJ1SVk5X1EyR18tNXdoS0pvS2ItWjJabHpydTNockRJNnM3RUgtX3FCR3hKdDluLWdQRl9NNUozdV9POXVYWEppSkVVRFlRQ0MwMWJNbzlWOEtoUzdLYV9ESXpj0gF3QVVfeXFMTXRHT2YwV1BSWWFrdEdLVU1faEVhUnVJWTlfUTJHXy01d2hLSm9LYi1aMlpsenJ1M2hyREk2czdFSC1fcUJHeEp0OW4tZ1BGX001SjN1X085dVhYSmlKRVVEWVFDQzAxYk1vOVY4S2hTN0thX0RJemM?oc=5"" target=""_blank"">기상청 ""전남 장성 북쪽서 규모 2.4 지진 발생""</a>&nbsp;&nbsp;<font color=""#6f6f6f"">MBC 뉴스</font>",https://news.google.com/rss/articles/CBMid0FVX3lxTE10R09mMFdQUllha3RHS1VNX2hFYVJ1SVk5X1EyR18tNXdoS0pvS2ItWjJabHpydTNockRJNnM3RUgtX3FCR3hKdDluLWdQRl9NNUozdV9POXVYWEppSkVVRFlRQ0MwMWJNbzlWOEtoUzdLYV9ESXpj0gF3QVVfeXFMTXRHT2YwV1BSWWFrdEdLVU1faEVhUnVJWTlfUTJHXy01d2hLSm9LYi1aMlpsenJ1M2hyREk2czdFSC1fcUJHeEp0OW4tZ1BGX001SjN1X085dVhYSmlKRVVEWVFDQzAxYk1vOVY4S2hTN0thX0RJemM?oc=5,지진
"일본 애니 손잡은 K게임, 영상 콘텐츠 확장으로 장기 흥행 노린다 - 시사저널e","<a href=""https://news.google.com/rss/articles/CBMickFVX3lxTE80aEZGRkY0QnA5cnh3YlJEWWtfdWZJZ0ZLZWtvSV9XSHNIRnNXM003bmkzdk5PQTlPc2VWOElpTnFZWjFBbXFYYkJ2Z3lEYVEwV19fS0VHdGF2c1pqUjlzU3lqTGQ5M0psWm9OWG1TdHBHQdIBdkFVX3lxTFAzR01CUzZwaUZrYm5sa3l3Y0NHTjZjVGtmX1lOejdON1dsdEpMU0FieDJGZURCX1ljSUxlT3lKUDZWbTN2N0RfcnlKMFY4X1dDdHNubEhzTWdpQ3BraWRxZlJrUm9rSlFiTXB0UGhRb2gtQVhHVXc?oc=5"" target=""_blank"">일본 애니 손잡은 K게임, 영상 콘텐츠 확장으로 장기 흥행 노린다</a>&nbsp;&nbsp;<font color=""#6f6f6f"">시사저널e</font>",https://news.google.com/rss/articles/CBMickFVX3lxTE80aEZGRkY0QnA5cnh3YlJEWWtfdWZJZ0ZLZWtvSV9XSHNIRnNXM003bmkzdk5PQTlPc2VWOElpTnFZWjFBbXFYYkJ2Z3lEYVEwV19fS0VHdGF2c1pqUjlzU3lqTGQ5M0psWm9OWG1TdHBHQdIBdkFVX3lxTFAzR01CUzZwaUZrYm5sa3l3Y0NHTjZjVGtmX1lOejdON1dsdEpMU0FieDJGZURCX1ljSUxlT3lKUDZWbTN2N0RfcnlKMFY4X1dDdHNubEhzTWdpQ3BraWRxZlJrUm9rSlFiTXB0UGhRb2gtQVhHVXc?oc=5,애니
"애니보고 바로 굿즈 산다… 라프텔, ‘스토어 홈’ 신설 - v.daum.net","<a href=""https://news.google.com/rss/articles/CBMiT0FVX3lxTE5RRi1sVVRWSEtNTjFXWFhiVGtsb045MV9wM1dYMnpUbDcyUFJvekhyazdETG9IVk10YUZjSVFpcUhGdWFFbmVBNFRqMngzODA?oc=5"" target=""_blank"">애니보고 바로 굿즈 산다… 라프텔, ‘스토어 홈’ 신설</a>&nbsp;&nbsp;<font color=""#6f6f6f"">v.daum.net</font>",https://news.google.com/rss/articles/CBMiT0FVX3lxTE5RRi1sVVRWSEtNTjFXWFhiVGtsb045MV9wM1dYMnpUbDcyUFJvekhyazdETG9IVk10YUZjSVFpcUhGdWFFbmVBNFRqMngzODA?oc=5,애니
"""AI랑 영어하고 애니로 일어 배우자""···대구 글로벌교육센터, 중등 방과후 수강생 모집 - 대구MBC","<a href=""https://news.google.com/rss/articles/CBMiTEFVX3lxTE1iMl8zVDZmLVVCTnFkM3QyU2V0c09BV2xCUzdxdWFTTm9sbjRscEpJclpyZXJUTTg5ZzUzZURZa2ZLdmFoUDcwNnZhTU4?oc=5"" target=""_blank"">""AI랑 영어하고 애니로 일어 배우자""···대구 글로벌교육센터, 중등 방과후 수강생 모집</a>&nbsp;&nbsp;<font color=""#6f6f6f"">대구MBC</font>",https://news.google.com/rss/articles/CBMiTEFVX3lxTE1iMl8zVDZmLVVCTnFkM3QyU2V0c09BV2xCUzdxdWFTTm9sbjRscEpJclpyZXJUTTg5ZzUzZURZa2ZLdmFoUDcwNnZhTU4?oc=5,애니
"마리오아울렛, 애니·게임 IP 대축제 '마리페' 진행 - 뉴스1","<a href=""https://news.google.com/rss/articles/CBMiX0FVX3lxTE9NWVY4TEJtQktDMzNRb2lJZ3NfdnNTd3BqRUpWXy1kVDk0Q2Rua0x0eTNaWW5fMXFRcDFFZmp5eXBCU1R3Mm96dVk1V080R0x5eTZubEVxVkx0REtBT2x3?oc=5"" target=""_blank"">마리오아울렛, 애니·게임 IP 대축제 '마리페' 진행</a>&nbsp;&nbsp;<font color=""#6f6f6f"">뉴스1</font>",https://news.google.com/rss/articles/CBMiX0FVX3lxTE9NWVY4TEJtQktDMzNRb2lJZ3NfdnNTd3BqRUpWXy1kVDk0Q2Rua0x0eTNaWW5fMXFRcDFFZmp5eXBCU1R3Mm96dVk1V080R0x5eTZubEVxVkx0REtBT2x3?oc=5,애니
‘도라에몽’ 만든 日 애니 거장 별세…향년 84세 - 전남일보,"<a href=""https://news.google.com/rss/articles/CBMib0FVX3lxTFBZNHptZVQ5ck9TVlUxUnBWXzU3UnZWS1JLZlRpZ2pPRXM2NjdqU0FzSEdybUZjX2dLdkVVdmtQNTQtYzhkdEpkMFhSVXJmSEd0QU5hSUM1SllnTzVPU05xcGpUaVNmblB0Ni1DNjRpSQ?oc=5"" target=""_blank"">‘도라에몽’ 만든 日 애니 거장 별세…향년 84세</a>&nbsp;&nbsp;<font color=""#6f6f6f"">전남일보</font>",https://news.google.com/rss/articles/CBMib0FVX3lxTFBZNHptZVQ5ck9TVlUxUnBWXzU3UnZWS1JLZlRpZ2pPRXM2NjdqU0FzSEdybUZjX2dLdkVVdmtQNTQtYzhkdEpkMFhSVXJmSEd0QU5hSUM1SllnTzVPU05xcGpUaVNmblB0Ni1DNjRpSQ?oc=5,애니
"오스카 2관왕 'K팝 데몬 헌터스'...K콘텐츠, 애니까지 장악했다 - 아세안데일리 뉴스","<a href=""https://news.google.com/rss/articles/CBMickFVX3lxTFBQa2J0OTlTSVp2aW9xUjFLUGRFN3lmT18wVkhHUzNBWlJhdUdUS2Z3VDVtQ0twTy1HY1lpRUxFak9YU1ltaTRTUXI2OHdXX09UYkNZc0I3QmxJRElrQUEyc0lMeF9wQVNXQVUzMGE2NXZiUQ?oc=5"" target=""_blank"">오스카 2관왕 'K팝 데몬 헌터스'...K콘텐츠, 애니까지 장악했다</a>&nbsp;&nbsp;<font color=""#6f6f6f"">아세안데일리 뉴스</font>",https://news.google.com/rss/articles/CBMickFVX3lxTFBQa2J0OTlTSVp2aW9xUjFLUGRFN3lmT18wVkhHUzNBWlJhdUdUS2Z3VDVtQ0twTy1HY1lpRUxFak9YU1ltaTRTUXI2OHdXX09UYkNZc0I3QmxJRElrQUEyc0lMeF9wQVNXQVUzMGE2NXZiUQ?oc=5,애니
"이랜드리테일 ‘애니바디’, SS 파자마 신상 출시 - 데일리안","<a href=""https://news.google.com/rss/articles/CBMimAJBVV95cUxQczVRUHJOWG8xaV9ENVpoTnZEUzkycWo4a0hIMk1kaXVuWDJRQTlsT2hlb0RpbDRMQmxxSmhCUjNaV2xqYVRYUmdxYzc3dk1XMU5DcWVQVW5MQUxxbnBMUUI2STc4WFdYV3FqQW1xLUk4clpaMUYtWmpCdVJMV3FWQ1RrQTd1QTc3aUdfeHR3TUdTakJ0Sk81M1dVTjZUeHprbjNjQXpXbmdOSERtTzhhRUs2WnFoUGxLOHVVZGFtNmIzY3FoT0NtY21PTFlWU0ZEZDZJak1uaF9CaWZNRHhhWTR5d05HRWFVWmxXVEROaldtYXg4NklHTFozbjV2NTFubEVLMWQyYjBxUGEzWjY5eTY0bm5kVnND0gGbAkFVX3lxTE9TLWNnTzl0UHFobXZJN2dVRjR3LTN1V0IzVjV6b0lUV2ZYbkRRYk9CaUpYa0g5cUc0Y3hUd1kwdGpqQVNtX2dWb2JoRHZmM2ptalFFRkJQcmM3anp3TkJvcEYyb2d4Tkd3MXp0SUdhZHhjRVd1YzNNY0xsbXAyNjJiTmh4MjNZWWlNQTlTQjZsY1NkS054c1M5TkNMZm04NVMzbmlMQ2tzU1l3SUdXeDRTNHRNdUpJcV9pMzg0alVmMHZUZzdoNDlHamVjMFhqa2dhbnQzdlJCOHQyQ2ZzLWIwMUFQRFRMR1RPeFFXSVFRSlNJNW5aa0RCU0NfbVhmZ21mMlBvNnhReWFyNENHNmRkb0VIdnQtNGN0Vjg?oc=5"" target=""_blank"">이랜드리테일 ‘애니바디’, SS 파자마 신상 출시</a>&nbsp;&nbsp;<font color=""#6f6f6f"">데일리안</font>",https://news.google.com/rss/articles/CBMimAJBVV95cUxQczVRUHJOWG8xaV9ENVpoTnZEUzkycWo4a0hIMk1kaXVuWDJRQTlsT2hlb0RpbDRMQmxxSmhCUjNaV2xqYVRYUmdxYzc3dk1XMU5DcWVQVW5MQUxxbnBMUUI2STc4WFdYV3FqQW1xLUk4clpaMUYtWmpCdVJMV3FWQ1RrQTd1QTc3aUdfeHR3TUdTakJ0Sk81M1dVTjZUeHprbjNjQXpXbmdOSERtTzhhRUs2WnFoUGxLOHVVZGFtNmIzY3FoT0NtY21PTFlWU0ZEZDZJak1uaF9CaWZNRHhhWTR5d05HRWFVWmxXVEROaldtYXg4NklHTFozbjV2NTFubEVLMWQyYjBxUGEzWjY5eTY0bm5kVnND0gGbAkFVX3lxTE9TLWNnTzl0UHFobXZJN2dVRjR3LTN1V0IzVjV6b0lUV2ZYbkRRYk9CaUpYa0g5cUc0Y3hUd1kwdGpqQVNtX2dWb2JoRHZmM2ptalFFRkJQcmM3anp3TkJvcEYyb2d4Tkd3MXp0SUdhZHhjRVd1YzNNY0xsbXAyNjJiTmh4MjNZWWlNQTlTQjZsY1NkS054c1M5TkNMZm04NVMzbmlMQ2tzU1l3SUdXeDRTNHRNdUpJcV9pMzg0alVmMHZUZzdoNDlHamVjMFhqa2dhbnQzdlJCOHQyQ2ZzLWIwMUFQRFRMR1RPeFFXSVFRSlNJNW5aa0RCU0NfbVhmZ21mMlBvNnhReWFyNENHNmRkb0VIdnQtNGN0Vjg?oc=5,애니
"마리오아울렛, ‘애니·게임 IP 대축제 마리페’ 화제 - tinnews.co.kr","<a href=""https://news.google.com/rss/articles/CBMiRkFVX3lxTE5lNm5oWDBVZGJhT0c1TFlnTWxEREYxY2FheWhOQkcweEdKeUVNQWpIcDhGQ1Vnek5xcGZqczVzdWVNSGFWbEE?oc=5"" target=""_blank"">마리오아울렛, ‘애니·게임 IP 대축제 마리페’ 화제</a>&nbsp;&nbsp;<font color=""#6f6f6f"">tinnews.co.kr</font>",https://news.google.com/rss/articles/CBMiRkFVX3lxTE5lNm5oWDBVZGJhT0c1TFlnTWxEREYxY2FheWhOQkcweEdKeUVNQWpIcDhGQ1Vnek5xcGZqczVzdWVNSGFWbEE?oc=5,애니
"제주콘텐츠진흥원, 애니 기획개발·초기창업 디딤돌 사업 추진 - 제민일보","<a href=""https://news.google.com/rss/articles/CBMiZ0FVX3lxTE5hVWRkeW0zeXg2Q3Y1bmkyb3N6VlZtUzdpaU45eVBFTjJnaDZyR2Y1T0VGcjh0SWdNMkxSWFdDTXZQelRwUHNnLUZjeGVoTk5LaFI5NU1PM3NrOHk4NDBWWGhRbThGRkE?oc=5"" target=""_blank"">제주콘텐츠진흥원, 애니 기획개발·초기창업 디딤돌 사업 추진</a>&nbsp;&nbsp;<font color=""#6f6f6f"">제민일보</font>",https://news.google.com/rss/articles/CBMiZ0FVX3lxTE5hVWRkeW0zeXg2Q3Y1bmkyb3N6VlZtUzdpaU45eVBFTjJnaDZyR2Y1T0VGcjh0SWdNMkxSWFdDTXZQelRwUHNnLUZjeGVoTk5LaFI5NU1PM3NrOHk4NDBWWGhRbThGRkE?oc=5,애니
"[Ent+] 프롬표 인살 액션 '세키로', 2026년 애니메이션으로 - 인벤","<a href=""https://news.google.com/rss/articles/CBMiXkFVX3lxTE9sZFZjX3lHcUR3VXhMMjFnUEFxS0xCRC1zc0h4ckZQUldwMkJJY0hNTVVLbEM0OXVjZkRrQWZfc1NSRWY1Mm1IRWtIQ1JrZk9oOUV1em1mVU5adTdocEE?oc=5"" target=""_blank"">[Ent+] 프롬표 인살 액션 '세키로', 2026년 애니메이션으로</a>&nbsp;&nbsp;<font color=""#6f6f6f"">인벤</font>",https://news.google.com/rss/articles/CBMiXkFVX3lxTE9sZFZjX3lHcUR3VXhMMjFnUEFxS0xCRC1zc0h4ckZQUldwMkJJY0hNTVVLbEM0OXVjZkRrQWZfc1NSRWY1Mm1IRWtIQ1JrZk9oOUV1em1mVU5adTdocEE?oc=5,애니
"애니모카, 아발란체와 협력…AVAX 투자·생태계 확장 추진 - TradingView","<a href=""https://news.google.com/rss/articles/CBMibkFVX3lxTE5fZDZLWnNsbjc5TTRwMUwzZGJOUTVCSDhBTjY0cEFyejJkNmkxYmdBdmZUM0pORmlOMnFSZkNLR19uVEEzQ2RzOXoweXJydjMwQ05tWUFlem5qZG5pUEtlYlBTNEpPWUt2b0x6bVpn?oc=5"" target=""_blank"">애니모카, 아발란체와 협력…AVAX 투자·생태계 확장 추진</a>&nbsp;&nbsp;<font color=""#6f6f6f"">TradingView</font>",https://news.google.com/rss/articles/CBMibkFVX3lxTE5fZDZLWnNsbjc5TTRwMUwzZGJOUTVCSDhBTjY0cEFyejJkNmkxYmdBdmZUM0pORmlOMnFSZkNLR19uVEEzQ2RzOXoweXJydjMwQ05tWUFlem5qZG5pUEtlYlBTNEpPWUt2b0x6bVpn?oc=5,애니
"애니이츠월드-바디코디, 웰니스 협력 위한 업무협약 체결 - 에너지경제신문","<a href=""https://news.google.com/rss/articles/CBMiY0FVX3lxTE83ZVh1bHpEQzdiejBmLUc4RjB2QkpjU0pCazhZY2NMTlhoVDJZRkpxVEtRWWZ0NlNaYzBFQ0QxbVVfaGcxUmFzTWxMYnNiSHQtNEtZS0pmWWtCaUdrMzdKcEtrbw?oc=5"" target=""_blank"">애니이츠월드-바디코디, 웰니스 협력 위한 업무협약 체결</a>&nbsp;&nbsp;<font color=""#6f6f6f"">에너지경제신문</font>",https://news.google.com/rss/articles/CBMiY0FVX3lxTE83ZVh1bHpEQzdiejBmLUc4RjB2QkpjU0pCazhZY2NMTlhoVDJZRkpxVEtRWWZ0NlNaYzBFQ0QxbVVfaGcxUmFzTWxMYnNiSHQtNEtZS0pmWWtCaUdrMzdKcEtrbw?oc=5,애니
'도라에몽' 연출한 시바야마 쓰토무 감독 별세…日 애니 황금기 이끈 거장 - 뉴스1,"<a href=""https://news.google.com/rss/articles/CBMiYkFVX3lxTE9ncnBrWjJFbXMxWjM5Zld0eW5HdWtOMU8ySXR4QUNIZ3IxRlVSemdvRzlqVFNRY2tSWnZFOVNqcXRLRU5pdVlPSnRMMzhoeDJZTkVNS1IwNTdjQVc0R2VrbWd3?oc=5"" target=""_blank"">'도라에몽' 연출한 시바야마 쓰토무 감독 별세…日 애니 황금기 이끈 거장</a>&nbsp;&nbsp;<font color=""#6f6f6f"">뉴스1</font>",https://news.google.com/rss/articles/CBMiYkFVX3lxTE9ncnBrWjJFbXMxWjM5Zld0eW5HdWtOMU8ySXR4QUNIZ3IxRlVSemdvRzlqVFNRY2tSWnZFOVNqcXRLRU5pdVlPSnRMMzhoeDJZTkVNS1IwNTdjQVc0R2VrbWd3?oc=5,애니
"당진시, 틈새 돌봄 '생활 도움 서비스 애니맘' 본격 시동 - v.daum.net","<a href=""https://news.google.com/rss/articles/CBMiT0FVX3lxTFBKTDhsUHIya2F3TEtleFFKbEkzcXpFQmVRM3J0ODVqbzNCd28wSmdHdXpZSHloWlRiMXlZTGw0MUpVVU5qclFVVkRXa18xaDA?oc=5"" target=""_blank"">당진시, 틈새 돌봄 '생활 도움 서비스 애니맘' 본격 시동</a>&nbsp;&nbsp;<font color=""#6f6f6f"">v.daum.net</font>",https://news.google.com/rss/articles/CBMiT0FVX3lxTFBKTDhsUHIya2F3TEtleFFKbEkzcXpFQmVRM3J0ODVqbzNCd28wSmdHdXpZSHloWlRiMXlZTGw0MUpVVU5qclFVVkRXa18xaDA?oc=5,애니
한·중 합작 애니 '배달의 영웅' 중국 개봉 - v.daum.net,"<a href=""https://news.google.com/rss/articles/CBMiS0FVX3lxTE5hTDN0YVRSSk5CTzgzWUtlVXBiYlh4cHBQbFZXQU83VXhZeWhMV0xPSkc2aGFFTUszb2Fqb3g0SmgzSkpyMEg2TlJzUQ?oc=5"" target=""_blank"">한·중 합작 애니 '배달의 영웅' 중국 개봉</a>&nbsp;&nbsp;<font color=""#6f6f6f"">v.daum.net</font>",https://news.google.com/rss/articles/CBMiS0FVX3lxTE5hTDN0YVRSSk5CTzgzWUtlVXBiYlh4cHBQbFZXQU83VXhZeWhMV0xPSkc2aGFFTUszb2Fqb3g0SmgzSkpyMEg2TlJzUQ?oc=5,애니
독도 강치 애니 ‘강치아일랜드2’ 5월 KBS 방영 확정 - 경북일보,"<a href=""https://news.google.com/rss/articles/CBMib0FVX3lxTE1Pcml0bmZzT0RvZWhPb2hCa3ZtOTdXNUZKSnhhOEtKQXA2SllRclR5cWh0a3pGWU1CVFRHcm12RmRmSnE2RXYtWGM2cjRNWUkzbUtBME4zS2VGMWZLUTNLT3U3VlZaUTNDTDFIcjl3Yw?oc=5"" target=""_blank"">독도 강치 애니 ‘강치아일랜드2’ 5월 KBS 방영 확정</a>&nbsp;&nbsp;<font color=""#6f6f6f"">경북일보</font>",https://news.google.com/rss/articles/CBMib0FVX3lxTE1Pcml0bmZzT0RvZWhPb2hCa3ZtOTdXNUZKSnhhOEtKQXA2SllRclR5cWh0a3pGWU1CVFRHcm12RmRmSnE2RXYtWGM2cjRNWUkzbUtBME4zS2VGMWZLUTNLT3U3VlZaUTNDTDFIcjl3Yw?oc=5,애니
서울 명소를 웹툰·애니 배경으로…'3D 디지털 애셋' 무료 배포 - v.daum.net,"<a href=""https://news.google.com/rss/articles/CBMiRkFVX3lxTFBkUDVMMGpLNGNUQ2ZMM1l1bThxVU1Na2NOWlpEcEI4QVg1a2F6X3BmanZLZUZOWmNZSmZFVTBJM3ZJeC0wVWc?oc=5"" target=""_blank"">서울 명소를 웹툰·애니 배경으로…'3D 디지털 애셋' 무료 배포</a>&nbsp;&nbsp;<font color=""#6f6f6f"">v.daum.net</font>",https://news.google.com/rss/articles/CBMiRkFVX3lxTFBkUDVMMGpLNGNUQ2ZMM1l1bThxVU1Na2NOWlpEcEI4QVg1a2F6X3BmanZLZUZOWmNZSmZFVTBJM3ZJeC0wVWc?oc=5,애니
"“거리에 게임 캐릭터가 늘었어요~”…마리오아울렛, 애니·게임 IP 대축제 ‘마리페’ 화제 - G밸리타임스","<a href=""https://news.google.com/rss/articles/CBMibkFVX3lxTE91SHpEX3A1TkRGYmhid2d0UnRzRS10WUlWMWtDWmV5di1sRFFlSmMybUhoSDZsbkc0X1RTZmNncDY3M2JoQUxMVGdDOWFsN1d6RXFuV2tGbXBoVzVGdDVrMS1rNHR0NG5GWE5wM1lB?oc=5"" target=""_blank"">“거리에 게임 캐릭터가 늘었어요~”…마리오아울렛, 애니·게임 IP 대축제 ‘마리페’ 화제</a>&nbsp;&nbsp;<font color=""#6f6f6f"">G밸리타임스</font>",https://news.google.com/rss/articles/CBMibkFVX3lxTE91SHpEX3A1TkRGYmhid2d0UnRzRS10WUlWMWtDWmV5di1sRFFlSmMybUhoSDZsbkc0X1RTZmNncDY3M2JoQUxMVGdDOWFsN1d6RXFuV2tGbXBoVzVGdDVrMS1rNHR0NG5GWE5wM1lB?oc=5,애니
"K-애니부터 고전 서사까지…오스카, 경계 넘어 - 미주중앙일보","<a href=""https://news.google.com/rss/articles/CBMiYkFVX3lxTE1aT01HU0ZtNnV3RkdBQk9Ua2cxcE9SdHRzT29Iek45RVh0SGtUa3NMZUhpQVZsUFhWUDRQZHRxVkFfWW5mMjJEV0RYMFNjSmVjbnZCMXJ1MHJiVllnRy1wTkhR?oc=5"" target=""_blank"">K-애니부터 고전 서사까지…오스카, 경계 넘어</a>&nbsp;&nbsp;<font color=""#6f6f6f"">미주중앙일보</font>",https://news.google.com/rss/articles/CBMiYkFVX3lxTE1aT01HU0ZtNnV3RkdBQk9Ua2cxcE9SdHRzT29Iek45RVh0SGtUa3NMZUhpQVZsUFhWUDRQZHRxVkFfWW5mMjJEV0RYMFNjSmVjbnZCMXJ1MHJiVllnRy1wTkhR?oc=5,애니
독도 애니 `강치 아일랜드` 시즌2 돌아온다 - 매일신문,"<a href=""https://news.google.com/rss/articles/CBMiYkFVX3lxTE1lVTNJaFROeXlIaV9nOVJxRnJFbGpTVEFPREF5dFc4WVRfS3VDY1NueUNfOUZLR3FsS1JiZ21IVXVMUU1XTlVuVUFGbVRNblJmWlBXRncxbnU1dFJJRHNwUGpB?oc=5"" target=""_blank"">독도 애니 `강치 아일랜드` 시즌2 돌아온다</a>&nbsp;&nbsp;<font color=""#6f6f6f"">매일신문</font>",https://news.google.com/rss/articles/CBMiYkFVX3lxTE1lVTNJaFROeXlIaV9nOVJxRnJFbGpTVEFPREF5dFc4WVRfS3VDY1NueUNfOUZLR3FsS1JiZ21IVXVMUU1XTlVuVUFGbVRNblJmWlBXRncxbnU1dFJJRHNwUGpB?oc=5,애니
‘도라에몽’ 이끈 日 애니 감독 시바야마 쓰토무 별세…향년 84세 - 아시아투데이,"<a href=""https://news.google.com/rss/articles/CBMibkFVX3lxTFBseklVOVdEUWpsMkxIUGpWQ2xtSERfajhzY190NWs1RzhvbGNGVFZtYUR3akgxWlJ4VXpXMkUzTHZNSFEtWDZkVXZkOFRHU19TaHNCYm9IRk1mdVJlUmZRNlBsNjRuVHRMRFVKR0ZR?oc=5"" target=""_blank"">‘도라에몽’ 이끈 日 애니 감독 시바야마 쓰토무 별세…향년 84세</a>&nbsp;&nbsp;<font color=""#6f6f6f"">아시아투데이</font>",https://news.google.com/rss/articles/CBMibkFVX3lxTFBseklVOVdEUWpsMkxIUGpWQ2xtSERfajhzY190NWs1RzhvbGNGVFZtYUR3akgxWlJ4VXpXMkUzTHZNSFEtWDZkVXZkOFRHU19TaHNCYm9IRk1mdVJlUmZRNlBsNjRuVHRMRFVKR0ZR?oc=5,애니
"애니·게임 '마이너 수요' 노린다…마리오아울렛, IP행사 '마리페' 진행 - v.daum.net","<a href=""https://news.google.com/rss/articles/CBMiT0FVX3lxTE1JV2tGMzRpUnlKUXZJb004ZTB6S25GU2NRVHlZa3g0T1ZkeFA2dzYydC00WHVsVC0tV1NJaHloU19FX2haTFF3X0pYdjhWb3M?oc=5"" target=""_blank"">애니·게임 '마이너 수요' 노린다…마리오아울렛, IP행사 '마리페' 진행</a>&nbsp;&nbsp;<font color=""#6f6f6f"">v.daum.net</font>",https://news.google.com/rss/articles/CBMiT0FVX3lxTE1JV2tGMzRpUnlKUXZJb004ZTB6S25GU2NRVHlZa3g0T1ZkeFA2dzYydC00WHVsVC0tV1NJaHloU19FX2haTFF3X0pYdjhWb3M?oc=5,애니
"칠대죄: 오리진, 애니를 뚝 떼어와 그대로 플레이하는 느낌 - 게임메카","<a href=""https://news.google.com/rss/articles/CBMiWEFVX3lxTE5uelJ2N21XQmxaVzByX1dqa3poYnM1R09RaUJtV0NMLWs0bEdlWFJOZ3BHbUFQNG9Bc1dlM1dnRXN5aGRULXNUZWFEcHZCemRweUpaM0JoR2bSAVtBVV95cUxPQUdJNUJuVHJnMUxGa3ZPdlVBenNxY19HNHpnVW9nSXdITlYzWFNnYlZCUkFINVZ1UjdrMjVRV19rRDdnOExXWE10eFNwUEttTms4SEIxYTN5cklZ?oc=5"" target=""_blank"">칠대죄: 오리진, 애니를 뚝 떼어와 그대로 플레이하는 느낌</a>&nbsp;&nbsp;<font color=""#6f6f6f"">게임메카</font>",https://news.google.com/rss/articles/CBMiWEFVX3lxTE5uelJ2N21XQmxaVzByX1dqa3poYnM1R09RaUJtV0NMLWs0bEdlWFJOZ3BHbUFQNG9Bc1dlM1dnRXN5aGRULXNUZWFEcHZCemRweUpaM0JoR2bSAVtBVV95cUxPQUdJNUJuVHJnMUxGa3ZPdlVBenNxY19HNHpnVW9nSXdITlYzWFNnYlZCUkFINVZ1UjdrMjVRV19rRDdnOExXWE10eFNwUEttTms4SEIxYTN5cklZ?oc=5,애니
"K-애니 ‘케이팝 데몬 헌터스’, 오스카 장편애니메이션·주제가상 석권하며 2관왕 등극 - 대한일보","<a href=""https://news.google.com/rss/articles/CBMib0FVX3lxTFAxSmlldnRzeFV3U0hiWnhzREM0SkJmTWpLdmZRdHYyd3JCQVNybHh0RWZaakZPbzJuQ1hYT3RMSlROSDk2Z1R3anNob1BnemtXZWl2Yno0VGdrNDJ2STVtQzdDRDR3cnprSzZLdm5Vaw?oc=5"" target=""_blank"">K-애니 ‘케이팝 데몬 헌터스’, 오스카 장편애니메이션·주제가상 석권하며 2관왕 등극</a>&nbsp;&nbsp;<font color=""#6f6f6f"">대한일보</font>",https://news.google.com/rss/articles/CBMib0FVX3lxTFAxSmlldnRzeFV3U0hiWnhzREM0SkJmTWpLdmZRdHYyd3JCQVNybHh0RWZaakZPbzJuQ1hYT3RMSlROSDk2Z1R3anNob1BnemtXZWl2Yno0VGdrNDJ2STVtQzdDRDR3cnprSzZLdm5Vaw?oc=5,애니
애니플러스 투자분석 2026. 03. 23 - 주달,"<a href=""https://news.google.com/rss/articles/CBMic0FVX3lxTFBHYVRyYmY0MDgtaGE3VTZBN1lpTXRVTE94c0MwcDFtZVdHMExIMnJmZU9qSGNRbUhBNDJqSGdBamhBeUwtZ1VGcUhxT21tdXhoMmVWVTduc0FQbnFPVDhnS2cxTUFjMmpZOUVoaWtPUzVtODA?oc=5"" target=""_blank"">애니플러스 투자분석 2026. 03. 23</a>&nbsp;&nbsp;<font color=""#6f6f6f"">주달</font>",https://news.google.com/rss/articles/CBMic0FVX3lxTFBHYVRyYmY0MDgtaGE3VTZBN1lpTXRVTE94c0MwcDFtZVdHMExIMnJmZU9qSGNRbUhBNDJqSGdBamhBeUwtZ1VGcUhxT21tdXhoMmVWVTduc0FQbnFPVDhnS2cxTUFjMmpZOUVoaWtPUzVtODA?oc=5,애니
"애니메이션 OTT 라프텔, 굿즈 커머스 '스토어홈' 품는다 - 지디넷코리아","<a href=""https://news.google.com/rss/articles/CBMiVkFVX3lxTE5fX3kyanZUbmFPUWk0RS1nT2FvaGQ0dTFCREdmNXBRbVNnTUZzT2JqTG1UbklLbGJNbHJzQmpxZHluWVFlMmFZWHBEZzFuUUZfbnZhTkdR?oc=5"" target=""_blank"">애니메이션 OTT 라프텔, 굿즈 커머스 '스토어홈' 품는다</a>&nbsp;&nbsp;<font color=""#6f6f6f"">지디넷코리아</font>",https://news.google.com/rss/articles/CBMiVkFVX3lxTE5fX3kyanZUbmFPUWk0RS1nT2FvaGQ0dTFCREdmNXBRbVNnTUZzT2JqTG1UbklLbGJNbHJzQmpxZHluWVFlMmFZWHBEZzFuUUZfbnZhTkdR?oc=5,애니
"인기 애니 '스쿠비두', 넷플릭스서 실사화된다 [월드이슈M] - MBC","<a href=""https://news.google.com/rss/articles/CBMiY0FVX3lxTE13eW9LVXVkWTZZaW1DektOVUo1ekdrNllVUXN0VE1CNnVuMjIwaURVNlhGdHd1ZXFFTEVCWF95a3d5ODZBQThhcFFkVFRnQW1rUUxFelVjMUNDT0dFd1VUMkljYw?oc=5"" target=""_blank"">인기 애니 '스쿠비두', 넷플릭스서 실사화된다 [월드이슈M]</a>&nbsp;&nbsp;<font color=""#6f6f6f"">MBC</font>",https://news.google.com/rss/articles/CBMiY0FVX3lxTE13eW9LVXVkWTZZaW1DektOVUo1ekdrNllVUXN0VE1CNnVuMjIwaURVNlhGdHd1ZXFFTEVCWF95a3d5ODZBQThhcFFkVFRnQW1rUUxFelVjMUNDT0dFd1VUMkljYw?oc=5,애니
"한중 합작 애니 '배달의 영웅' 中 개봉…""中 국영기업 협업"" - v.daum.net","<a href=""https://news.google.com/rss/articles/CBMiT0FVX3lxTFBpS0lGc2VTaEFoa1BNOUpRTkZQRFJqQzI2bll0Yl9TYkJjcXNNZU9hSDJpYXpKQnZ5d0ZSNThzQVIyZC1oc25aRlV2c3lza1U?oc=5"" target=""_blank"">한중 합작 애니 '배달의 영웅' 中 개봉…""中 국영기업 협업""</a>&nbsp;&nbsp;<font color=""#6f6f6f"">v.daum.net</font>",https://news.google.com/rss/articles/CBMiT0FVX3lxTFBpS0lGc2VTaEFoa1BNOUpRTkZQRFJqQzI2bll0Yl9TYkJjcXNNZU9hSDJpYXpKQnZ5d0ZSNThzQVIyZC1oc25aRlV2c3lza1U?oc=5,애니
절반이 ‘애니·영화’인 클래식 시장…서현을 향한 ‘순혈주의’ 프레임의 모순 - 데일리안,"<a href=""https://news.google.com/rss/articles/CBMiogJBVV95cUxPN2dReDJJZTZkdVNQUm5mXzRlMkluY0U4NndyQ1IzU2RuS1pVU0hxdXEtcmg4M3ZKcGtmN1I4d1NCZEhMYXZlS0xiV01xVmpKTnpYMmRWUFJwby1hVzRRbUZMdDZ6WW1BMXVtZTNfTktPVEo2WmFxYkhnSkF5TEtDR0JGMXJPUmdMZk14b3RWTWUyd0wzRWdraHN2Y0ZNaVlwV2Q0dzRkMEgtUlRKbjZidk9qb3BhSWhGbjZNNjdHa0FCRGJfejF4NTNaQ0FjeTBBUHQ2SG1BS3BOcTk5OVhQSW1Dc0pqbVMtWlVZSVVobzVXdEFkRWFieGZ5bF8tbWxWU2hWb3AtQW5hZFlreXpqcEhwZDlUcVQ3dVdFZk9CbF95UdIBpAJBVV95cUxPSXB0ZS1fY0ZXT3Fid0ZoNmtMUm9ZbDNRR1RVWkRyMU5ieGNMWURzZGxaN2dwaHRjN3E2ZUJGcnFCM0RQTnNCTUhVSWtZcnd1QlVMd0QtZ09MNXBodzFhZUd2SnRtS3RZeDhLd3ZtamEzS3cydDBiSHFGSmt3LWVZWkw5S2ZnWWdPa0JDeTlDYW5DUmlZWTJuTkhPekpjWDlJZjdQb3BLZ3NQTTlyRWIybzVVdFFaZFVLY09HZjk4QWQyS2p2TDhPUE44R3FaU1V5ejROX3BOWTd5NE9CTF9Gbm81VXN4cFFZQklFckh1S3k2U3Z5VVNlc1lQNUVCZkU0dzRPdVJaemlQTjBQLW9vemZ0OGxqVU9xSXRhX2Y5Y1RHZkZk?oc=5"" target=""_blank"">절반이 ‘애니·영화’인 클래식 시장…서현을 향한 ‘순혈주의’ 프레임의 모순</a>&nbsp;&nbsp;<font color=""#6f6f6f"">데일리안</font>",https://news.google.com/rss/articles/CBMiogJBVV95cUxPN2dReDJJZTZkdVNQUm5mXzRlMkluY0U4NndyQ1IzU2RuS1pVU0hxdXEtcmg4M3ZKcGtmN1I4d1NCZEhMYXZlS0xiV01xVmpKTnpYMmRWUFJwby1hVzRRbUZMdDZ6WW1BMXVtZTNfTktPVEo2WmFxYkhnSkF5TEtDR0JGMXJPUmdMZk14b3RWTWUyd0wzRWdraHN2Y0ZNaVlwV2Q0dzRkMEgtUlRKbjZidk9qb3BhSWhGbjZNNjdHa0FCRGJfejF4NTNaQ0FjeTBBUHQ2SG1BS3BOcTk5OVhQSW1Dc0pqbVMtWlVZSVVobzVXdEFkRWFieGZ5bF8tbWxWU2hWb3AtQW5hZFlreXpqcEhwZDlUcVQ3dVdFZk9CbF95UdIBpAJBVV95cUxPSXB0ZS1fY0ZXT3Fid0ZoNmtMUm9ZbDNRR1RVWkRyMU5ieGNMWURzZGxaN2dwaHRjN3E2ZUJGcnFCM0RQTnNCTUhVSWtZcnd1QlVMd0QtZ09MNXBodzFhZUd2SnRtS3RZeDhLd3ZtamEzS3cydDBiSHFGSmt3LWVZWkw5S2ZnWWdPa0JDeTlDYW5DUmlZWTJuTkhPekpjWDlJZjdQb3BLZ3NQTTlyRWIybzVVdFFaZFVLY09HZjk4QWQyS2p2TDhPUE44R3FaU1V5ejROX3BOWTd5NE9CTF9Gbm81VXN4cFFZQklFckh1S3k2U3Z5VVNlc1lQNUVCZkU0dzRPdVJaemlQTjBQLW9vemZ0OGxqVU9xSXRhX2Y5Y1RHZkZk?oc=5,애니
"日 애니·게임 지원금, 창작자 직접 배분 ‘0%’…왜 현장까지 못 가나 - 재팬코리아데일리","<a href=""https://news.google.com/rss/articles/CBMibEFVX3lxTE9tMlp5SG5RXy02cy1Gd1VPRmM2Y244MUtPM3JmbDJpbTRHRTdTQnZKTWVBYWxPNk5mNUw3ZllKQXBVbm90THZwcXNQT2tkWXdwd25TQXc5bFFWZHQ3TDRnQmtvem5JR0pLVkpadA?oc=5"" target=""_blank"">日 애니·게임 지원금, 창작자 직접 배분 ‘0%’…왜 현장까지 못 가나</a>&nbsp;&nbsp;<font color=""#6f6f6f"">재팬코리아데일리</font>",https://news.google.com/rss/articles/CBMibEFVX3lxTE9tMlp5SG5RXy02cy1Gd1VPRmM2Y244MUtPM3JmbDJpbTRHRTdTQnZKTWVBYWxPNk5mNUw3ZllKQXBVbm90THZwcXNQT2tkWXdwd25TQXc5bFFWZHQ3TDRnQmtvem5JR0pLVkpadA?oc=5,애니
"바카디코리아, 아이리시 위스키 브랜드 ‘틸링’ 재출시 - abcn.kr","<a href=""https://news.google.com/rss/articles/CBMiZ0FVX3lxTFBSdFRmSTRWbGFvODRfdC1rOWlRbG1vODRsSU1hTGR4aFhwMTUtRldfQm9majBqbnFsU1pzcUlrbmtNWjk5NUpZZi1ieUYwdGdhSjFsWkd2WmpMYlRSVW5tMFkyRE9oQTTSAWdBVV95cUxQUnRUZkk0Vmxhbzg0X3QtazlpUWxtbzg0bElNYUxkeGhYcDE1LUZXX0JvZmowam5xbFNac3FJa25rTVo5OTVKWWYtYnlGMHRnYUoxbFpHdlpqTGJUUlVubTBZMkRPaEE0?oc=5"" target=""_blank"">바카디코리아, 아이리시 위스키 브랜드 ‘틸링’ 재출시</a>&nbsp;&nbsp;<font color=""#6f6f6f"">abcn.kr</font>",https://news.google.com/rss/articles/CBMiZ0FVX3lxTFBSdFRmSTRWbGFvODRfdC1rOWlRbG1vODRsSU1hTGR4aFhwMTUtRldfQm9majBqbnFsU1pzcUlrbmtNWjk5NUpZZi1ieUYwdGdhSjFsWkd2WmpMYlRSVW5tMFkyRE9oQTTSAWdBVV95cUxQUnRUZkk0Vmxhbzg0X3QtazlpUWxtbzg0bElNYUxkeGhYcDE1LUZXX0JvZmowam5xbFNac3FJa25rTVo5OTVKWWYtYnlGMHRnYUoxbFpHdlpqTGJUUlVubTBZMkRPaEE0?oc=5,위스키
‘RM·박찬욱 위스키’ 카발란 판매량 91.6% 급증 - 문화일보,"<a href=""https://news.google.com/rss/articles/CBMiUEFVX3lxTE16OUFNU1VOYjZUSFhDQ1liWVNRVTE0MlNIaEZzSnVjRTBGOUx4dEJJanJMZ1hud3k0VkVSa0lSVXEycUdBRzZUSlFwV3FiLUM2?oc=5"" target=""_blank"">‘RM·박찬욱 위스키’ 카발란 판매량 91.6% 급증</a>&nbsp;&nbsp;<font color=""#6f6f6f"">문화일보</font>",https://news.google.com/rss/articles/CBMiUEFVX3lxTE16OUFNU1VOYjZUSFhDQ1liWVNRVTE0MlNIaEZzSnVjRTBGOUx4dEJJanJMZ1hud3k0VkVSa0lSVXEycUdBRzZUSlFwV3FiLUM2?oc=5,위스키
"‘박찬욱 위스키’ 카발란, 지난해 국내 판매량 92% 증가 - 경향신문","<a href=""https://news.google.com/rss/articles/CBMiWkFVX3lxTFB5T0FsSWhhdEVfUm1LeFZjSU10RER0Q3VNak1PbnN6ZWZGd1h1WDhYMUNsQ0NoLV9BWjY1TXptUWFTZ1ZKZGhrdHhfMC1MV2RRWllRZUh0Y20zUdIBX0FVX3lxTE1HRHZITENuN01ldEhXdDJnVzdZYjJEWmwyRVVZdmtKempUWGRDclAwQ09HSFRlbXlNTmFGUGZONUt3RlRBUlNxeS0wdEFmMjJLVTkwNTZCWEFYbkhsNXBV?oc=5"" target=""_blank"">‘박찬욱 위스키’ 카발란, 지난해 국내 판매량 92% 증가</a>&nbsp;&nbsp;<font color=""#6f6f6f"">경향신문</font>",https://news.google.com/rss/articles/CBMiWkFVX3lxTFB5T0FsSWhhdEVfUm1LeFZjSU10RER0Q3VNak1PbnN6ZWZGd1h1WDhYMUNsQ0NoLV9BWjY1TXptUWFTZ1ZKZGhrdHhfMC1MV2RRWllRZUh0Y20zUdIBX0FVX3lxTE1HRHZITENuN01ldEhXdDJnVzdZYjJEWmwyRVVZdmtKempUWGRDclAwQ09HSFRlbXlNTmFGUGZONUt3RlRBUlNxeS0wdEFmMjJLVTkwNTZCWEFYbkhsNXBV?oc=5,위스키
호텔 바도 ‘개인화’ 경쟁···반얀트리서 내 이름 새긴 위스키 라커 나왔다 - 이뉴스투데이,"<a href=""https://news.google.com/rss/articles/CBMidEFVX3lxTFBMYjhBTWFPaWtOeWwyNnQ4d3FKd3JKSnJ2M0hRYlo0QktuSHFkbDZKakEweHdMTVFkeERoOE0zYVAyUjh1X2VVVl9hQlJpWmJoQjNIcFBHZzZwUk9SY3BzRGtjMnhWMVVyRE1MRFZpM3pBRFUx0gF0QVVfeXFMUExiOEFNYU9pa055bDI2dDh3cUp3ckpKcnYzSFFiWjRCS25IcWRsNkpqQTB4d0xNUWR4RGg4TTNhUDJSOHVfZVVWX2FCUmlaYmhCM0hwUEdnNnBST1JjcHNEa2MyeFYxVXJETUxEVmkzekFEVTE?oc=5"" target=""_blank"">호텔 바도 ‘개인화’ 경쟁···반얀트리서 내 이름 새긴 위스키 라커 나왔다</a>&nbsp;&nbsp;<font color=""#6f6f6f"">이뉴스투데이</font>",https://news.google.com/rss/articles/CBMidEFVX3lxTFBMYjhBTWFPaWtOeWwyNnQ4d3FKd3JKSnJ2M0hRYlo0QktuSHFkbDZKakEweHdMTVFkeERoOE0zYVAyUjh1X2VVVl9hQlJpWmJoQjNIcFBHZzZwUk9SY3BzRGtjMnhWMVVyRE1MRFZpM3pBRFUx0gF0QVVfeXFMUExiOEFNYU9pa055bDI2dDh3cUp3ckpKcnYzSFFiWjRCS25IcWRsNkpqQTB4d0xNUWR4RGg4TTNhUDJSOHVfZVVWX2FCUmlaYmhCM0hwUEdnNnBST1JjcHNEa2MyeFYxVXJETUxEVmkzekFEVTE?oc=5,위스키
가구와 위스키 가격은 15년 동안 얼마나 올랐을까 - 네이버 프리미엄콘텐츠,"<a href=""https://news.google.com/rss/articles/CBMihgFBVV95cUxPTjR1NFpzSXZUbHYyaWRyRWtROWFYNmNaVzJEcGg5NW1lUWZPTGhQS25TazZjRHp3S3lfOTU3RER6NmNZSFBranNWVmNrOEphN2taOEpBLXVDM21qckxxNURGZk5nSXFPajNsWllFZ2RsZ3pSOE55aDk4Z1RVNG5NdUJnWmhrUQ?oc=5"" target=""_blank"">가구와 위스키 가격은 15년 동안 얼마나 올랐을까</a>&nbsp;&nbsp;<font color=""#6f6f6f"">네이버 프리미엄콘텐츠</font>",https://news.google.com/rss/articles/CBMihgFBVV95cUxPTjR1NFpzSXZUbHYyaWRyRWtROWFYNmNaVzJEcGg5NW1lUWZPTGhQS25TazZjRHp3S3lfOTU3RER6NmNZSFBranNWVmNrOEphN2taOEpBLXVDM21qckxxNURGZk5nSXFPajNsWllFZ2RsZ3pSOE55aDk4Z1RVNG5NdUJnWmhrUQ?oc=5,위스키
`헤어질 결심` 속 그 위스키 `카발란` 국내 판매량 배로 - 부산일보,"<a href=""https://news.google.com/rss/articles/CBMidEFVX3lxTE8wQWFlMkZ2azU2d2VHMXo3ZDFnMXhvRGtZekpqSk5wMXpRTDlla1EyekQ2SktMTUdSNkQ5MlQ0TmpUbEVQVDhtRmpobHNDazJxX2c1MG1DZFFMcUotUzNFbko4d1NlaWpCOU8xUWhtZW9VcFZY?oc=5"" target=""_blank"">`헤어질 결심` 속 그 위스키 `카발란` 국내 판매량 배로</a>&nbsp;&nbsp;<font color=""#6f6f6f"">부산일보</font>",https://news.google.com/rss/articles/CBMidEFVX3lxTE8wQWFlMkZ2azU2d2VHMXo3ZDFnMXhvRGtZekpqSk5wMXpRTDlla1EyekQ2SktMTUdSNkQ5MlQ0TmpUbEVQVDhtRmpobHNDazJxX2c1MG1DZFFMcUotUzNFbko4d1NlaWpCOU8xUWhtZW9VcFZY?oc=5,위스키
한국 위스키 ‘기원’… 매운맛으로 세계를 홀리다[스튜디오486] - 중앙일보,"<a href=""https://news.google.com/rss/articles/CBMiVkFVX3lxTE9GcWhJVnk1dGVXUkx6UDUyNFNaTkFPRzhTb212UXdaaGpKYWhqejloQkNZNDZpREc0bWhBS21lU1dHQUdUZ0FjdkNLTU1LUUlKd0FUSEt3?oc=5"" target=""_blank"">한국 위스키 ‘기원’… 매운맛으로 세계를 홀리다[스튜디오486]</a>&nbsp;&nbsp;<font color=""#6f6f6f"">중앙일보</font>",https://news.google.com/rss/articles/CBMiVkFVX3lxTE9GcWhJVnk1dGVXUkx6UDUyNFNaTkFPRzhTb212UXdaaGpKYWhqejloQkNZNDZpREc0bWhBS21lU1dHQUdUZ0FjdkNLTU1LUUlKd0FUSEt3?oc=5,위스키
강렬한 풍미 너머 반전 매력 갖춘 ‘피트 위스키’ - v.daum.net,"<a href=""https://news.google.com/rss/articles/CBMiVEFVX3lxTE1LaGFYQUIwSEU2Zncxc09rMzZZNVVwS0tTaVV3RTZlU2dzaXpjUlA0dzUwRUlvalRCRUxjekdDbUFTSFdEYTBUSG9sdlJWWEN1bW44TQ?oc=5"" target=""_blank"">강렬한 풍미 너머 반전 매력 갖춘 ‘피트 위스키’</a>&nbsp;&nbsp;<font color=""#6f6f6f"">v.daum.net</font>",https://news.google.com/rss/articles/CBMiVEFVX3lxTE1LaGFYQUIwSEU2Zncxc09rMzZZNVVwS0tTaVV3RTZlU2dzaXpjUlA0dzUwRUlvalRCRUxjekdDbUFTSFdEYTBUSG9sdlJWWEN1bW44TQ?oc=5,위스키
"이마트24, 데일리샷 입점…와인·위스키 판매 채널 확대 - 뉴스1","<a href=""https://news.google.com/rss/articles/CBMiX0FVX3lxTE0xQk5yb1A4Y0lzQy0zQUFQeGhQRXctaGFRWXdYVTJQXzd4bjlFcnRsWmRqREJaXzRvNHl5TDNJS0xsNVNzM2hhUlBHd1VQYWZENXNzbVpGQk9kbEtmN3pr?oc=5"" target=""_blank"">이마트24, 데일리샷 입점…와인·위스키 판매 채널 확대</a>&nbsp;&nbsp;<font color=""#6f6f6f"">뉴스1</font>",https://news.google.com/rss/articles/CBMiX0FVX3lxTE0xQk5yb1A4Y0lzQy0zQUFQeGhQRXctaGFRWXdYVTJQXzd4bjlFcnRsWmRqREJaXzRvNHl5TDNJS0xsNVNzM2hhUlBHd1VQYWZENXNzbVpGQk9kbEtmN3pr?oc=5,위스키
"반얀트리 서울, '문 바 프라이빗 위스키 라커 멤버십' 론칭 - v.daum.net","<a href=""https://news.google.com/rss/articles/CBMiT0FVX3lxTE8yU3g2YS1PcDdoSlJNRTRuSmRNaHRjeloyVFdvZjNfdDlvRk9ZVEdyc050WTlpSnREUXFqUk1xS1BERTNSN2g1ZFMwaFVyTG8?oc=5"" target=""_blank"">반얀트리 서울, '문 바 프라이빗 위스키 라커 멤버십' 론칭</a>&nbsp;&nbsp;<font color=""#6f6f6f"">v.daum.net</font>",https://news.google.com/rss/articles/CBMiT0FVX3lxTE8yU3g2YS1PcDdoSlJNRTRuSmRNaHRjeloyVFdvZjNfdDlvRk9ZVEdyc050WTlpSnREUXFqUk1xS1BERTNSN2g1ZFMwaFVyTG8?oc=5,위스키
'스코틀랜드' 벽 넘은 대만산 위스키…'카발란' 91.6% 폭풍 성장 - v.daum.net,"<a href=""https://news.google.com/rss/articles/CBMiT0FVX3lxTE9fYkhUakJ6ZFRUczN0WmY3dkE0eDJnOWdCNW8zYlp2dWlVcHN5LWc3TTZNMXV6TDBXbEJHNlgxcGRMbGZiRkwxZ3ZXclVoOWs?oc=5"" target=""_blank"">'스코틀랜드' 벽 넘은 대만산 위스키…'카발란' 91.6% 폭풍 성장</a>&nbsp;&nbsp;<font color=""#6f6f6f"">v.daum.net</font>",https://news.google.com/rss/articles/CBMiT0FVX3lxTE9fYkhUakJ6ZFRUczN0WmY3dkE0eDJnOWdCNW8zYlp2dWlVcHN5LWc3TTZNMXV6TDBXbEJHNlgxcGRMbGZiRkwxZ3ZXclVoOWs?oc=5,위스키
"편견 이겨낸 대만산 위스키…'카발란' 판매량, 91.6% 급증 - v.daum.net","<a href=""https://news.google.com/rss/articles/CBMiT0FVX3lxTE83d0lySzNhLVQyM2xTeWpqWVNSS2JiUWhwd19kUFF1amVBYm5sUlNNX3lXaXd1VjZXbGk4elFUd1hVcXhNR3JvUFNxaTdzMTA?oc=5"" target=""_blank"">편견 이겨낸 대만산 위스키…'카발란' 판매량, 91.6% 급증</a>&nbsp;&nbsp;<font color=""#6f6f6f"">v.daum.net</font>",https://news.google.com/rss/articles/CBMiT0FVX3lxTE83d0lySzNhLVQyM2xTeWpqWVNSS2JiUWhwd19kUFF1amVBYm5sUlNNX3lXaXd1VjZXbGk4elFUd1hVcXhNR3JvUFNxaTdzMTA?oc=5,위스키
"“집 앞 편의점에서 희귀 위스키를?”...편의점, 주류 플랫폼과 손잡고 영토 확장 - v.daum.net","<a href=""https://news.google.com/rss/articles/CBMiT0FVX3lxTE9CUzk3WDQ0eFdYR19oZXlVNUNMbWJXWG5vTzlYX0pFME55aXd5UEJtTDZoeG83T1FYVmxvVXpOV19ILXZDMXBLTDEwTk5sUDg?oc=5"" target=""_blank"">“집 앞 편의점에서 희귀 위스키를?”...편의점, 주류 플랫폼과 손잡고 영토 확장</a>&nbsp;&nbsp;<font color=""#6f6f6f"">v.daum.net</font>",https://news.google.com/rss/articles/CBMiT0FVX3lxTE9CUzk3WDQ0eFdYR19oZXlVNUNMbWJXWG5vTzlYX0pFME55aXd5UEJtTDZoeG83T1FYVmxvVXpOV19ILXZDMXBLTDEwTk5sUDg?oc=5,위스키
"골든블루 위스키 '카발란', 지난해 국내 판매량 전년 대비 91.6%↑ - 포인트데일리","<a href=""https://news.google.com/rss/articles/CBMidEFVX3lxTE1GRjVMalBFUElrb09xTTZWSXVhZEZBbWFkNDJ2bmh4eVdSc3VuVkd2Y0RXcmliWFR6bXFIR01fcFlDckk2NXhaTC1KeERPSG5KUTdSR3BBa2g1cVRNcTlDcldnX0VjY3J0Wm42SlA0TkhMaVJr0gF0QVVfeXFMTUZGNUxqUEVQSWtvT3FNNlZJdWFkRkFtYWQ0MnZuaHh5V1JzdW5WR3ZjRFdyaWJYVHptcUhHTV9wWUNySTY1eFpMLUp4RE9IbkpRN1JHcEFraDVxVE1xOUNyV2dfRWNjcnRabjZKUDROSExpUms?oc=5"" target=""_blank"">골든블루 위스키 '카발란', 지난해 국내 판매량 전년 대비 91.6%↑</a>&nbsp;&nbsp;<font color=""#6f6f6f"">포인트데일리</font>",https://news.google.com/rss/articles/CBMidEFVX3lxTE1GRjVMalBFUElrb09xTTZWSXVhZEZBbWFkNDJ2bmh4eVdSc3VuVkd2Y0RXcmliWFR6bXFIR01fcFlDckk2NXhaTC1KeERPSG5KUTdSR3BBa2g1cVRNcTlDcldnX0VjY3J0Wm42SlA0TkhMaVJr0gF0QVVfeXFMTUZGNUxqUEVQSWtvT3FNNlZJdWFkRkFtYWQ0MnZuaHh5V1JzdW5WR3ZjRFdyaWJYVHptcUhHTV9wWUNySTY1eFpMLUp4RE9IbkpRN1JHcEFraDVxVE1xOUNyV2dfRWNjcnRabjZKUDROSExpUms?oc=5,위스키
[대한민국주류대상 Best of 2026] 에이펙스브랜즈 ‘타운 브랜치’ 아메리카 버번 위스키 최고상 수상 - 조선비즈 - Chosunbiz,"<a href=""https://news.google.com/rss/articles/CBMiigFBVV95cUxPWWxkcjRYVkZrQ1hUQVRTOHg5amdCVC03bWg0QU9SSlAyUGRzbEUxaEpzY3pjejhuem1NZXc0OGo3bE9TbXhUY0RBWUxHbVpHMlFsLWpQUWlJM1pQSS1XcnZhM3U3eENJVVo5TndyLWFLSjB6Uk0xZGpoYTBYNVNpVEZncnpQNFBkYXfSAZ4BQVVfeXFMTXlVaVpDcTZydVNMU2tVa0lndllZV2pfUjZHYktveFJjczM0Q2lEcHF3VUtuQm9WZ3hJdmhQVXM1M09reHJ0Y2E5cVlqU1Y2VGltcE01UFNaYjRVRzZoNENVdXhaTF9uXzZqMW1STmVUZzVVRUNXaDVaWThNODFzeVdya1hCZFV1cUFxdlVBa2IzVzRyLUpBSUJ1ZWpUSnc?oc=5"" target=""_blank"">[대한민국주류대상 Best of 2026] 에이펙스브랜즈 ‘타운 브랜치’ 아메리카 버번 위스키 최고상 수상 - 조선비즈</a>&nbsp;&nbsp;<font color=""#6f6f6f"">Chosunbiz</font>",https://news.google.com/rss/articles/CBMiigFBVV95cUxPWWxkcjRYVkZrQ1hUQVRTOHg5amdCVC03bWg0QU9SSlAyUGRzbEUxaEpzY3pjejhuem1NZXc0OGo3bE9TbXhUY0RBWUxHbVpHMlFsLWpQUWlJM1pQSS1XcnZhM3U3eENJVVo5TndyLWFLSjB6Uk0xZGpoYTBYNVNpVEZncnpQNFBkYXfSAZ4BQVVfeXFMTXlVaVpDcTZydVNMU2tVa0lndllZV2pfUjZHYktveFJjczM0Q2lEcHF3VUtuQm9WZ3hJdmhQVXM1M09reHJ0Y2E5cVlqU1Y2VGltcE01UFNaYjRVRzZoNENVdXhaTF9uXzZqMW1STmVUZzVVRUNXaDVaWThNODFzeVdya1hCZFV1cUFxdlVBa2IzVzRyLUpBSUJ1ZWpUSnc?oc=5,위스키
"우드포드 리저브, 한정판 위스키 2종 국내 첫 출시 - 비욘드포스트","<a href=""https://news.google.com/rss/articles/CBMifEFVX3lxTE1Lck1CWGpfT2xSRnRsSjIzY3ZUNUEzLV9tMjZEUkY3WnVtMVkwRlFEeFJLWFQ4bzZIdFpOZDNWbUpRZHI5SXBpUGxoVHFRTDJrWVQtYnoyTEJZOWxuX0hwdXZLTDY4dXZOaGtSa2lkXzk3ZVhmTVNsQ0VRcWk?oc=5"" target=""_blank"">우드포드 리저브, 한정판 위스키 2종 국내 첫 출시</a>&nbsp;&nbsp;<font color=""#6f6f6f"">비욘드포스트</font>",https://news.google.com/rss/articles/CBMifEFVX3lxTE1Lck1CWGpfT2xSRnRsSjIzY3ZUNUEzLV9tMjZEUkY3WnVtMVkwRlFEeFJLWFQ4bzZIdFpOZDNWbUpRZHI5SXBpUGxoVHFRTDJrWVQtYnoyTEJZOWxuX0hwdXZLTDY4dXZOaGtSa2lkXzk3ZVhmTVNsQ0VRcWk?oc=5,위스키
[현장취재] 마루나·기원 위스키에 떡갈비·육회까지…THE 22 남대문 베이커리&바 3월 19일 개장 - 호텔앤레스토랑,"<a href=""https://news.google.com/rss/articles/CBMidkFVX3lxTE5QNlZCZ3hKQkVYSF9SNkZNUllGdWl3R1B3M3RLM01yR3l4Tkd4dk5tNXBFeGNHNGdVdnBsMXJra3ZMSmloLTF2UjV5QjJ3Y2FBN3Bab09oUEllV0MzdjhUMWtpRHNKZm9GNk9seGhHcVNHSDI3QkE?oc=5"" target=""_blank"">[현장취재] 마루나·기원 위스키에 떡갈비·육회까지…THE 22 남대문 베이커리&바 3월 19일 개장</a>&nbsp;&nbsp;<font color=""#6f6f6f"">호텔앤레스토랑</font>",https://news.google.com/rss/articles/CBMidkFVX3lxTE5QNlZCZ3hKQkVYSF9SNkZNUllGdWl3R1B3M3RLM01yR3l4Tkd4dk5tNXBFeGNHNGdVdnBsMXJra3ZMSmloLTF2UjV5QjJ3Y2FBN3Bab09oUEllV0MzdjhUMWtpRHNKZm9GNk9seGhHcVNHSDI3QkE?oc=5,위스키
"BTS RM이 반한 막걸리, ‘조니워커 블루’의 아버지가 자문한 것이었다 - 조선일보","<a href=""https://news.google.com/rss/articles/CBMiiwFBVV95cUxOdXVnY3k2aDdabzVYbVFaOUFrR1lyRXhDUUlBcmZfcWJ2TEI5NHVGYTRWaXNFZGtjMnhzMXVJOFlzZjZoOUZJR3c2MDduZ1FoNnE5VkV6c0lfTmdZZ2J4RmJoc2ktS1dVeEkzb1BQZjFRTG5PakJScy1IMUdhZW5ueVhITS1pbWo4NzE40gGfAUFVX3lxTE5mVjZ4bVlyekZLaFE0NjllemxzeTVaLXUyVl8zdEgwOUp3LVFwTHIwMHEzR1hkRHJMVktQVndUVW9hZjdxUFd3aTdTNmhHUTBnZmMtZENCbVR6Mk1sZkpWUkhDN1RqMWlZUEtVZGZXM1YwaWlqUDBOYW9qbDBCYnpmZlZoYjVTbDg0ZENRVTdZNEJCM2VfTEJOYUJRU2RSdw?oc=5"" target=""_blank"">BTS RM이 반한 막걸리, ‘조니워커 블루’의 아버지가 자문한 것이었다</a>&nbsp;&nbsp;<font color=""#6f6f6f"">조선일보</font>",https://news.google.com/rss/articles/CBMiiwFBVV95cUxOdXVnY3k2aDdabzVYbVFaOUFrR1lyRXhDUUlBcmZfcWJ2TEI5NHVGYTRWaXNFZGtjMnhzMXVJOFlzZjZoOUZJR3c2MDduZ1FoNnE5VkV6c0lfTmdZZ2J4RmJoc2ktS1dVeEkzb1BQZjFRTG5PakJScy1IMUdhZW5ueVhITS1pbWo4NzE40gGfAUFVX3lxTE5mVjZ4bVlyekZLaFE0NjllemxzeTVaLXUyVl8zdEgwOUp3LVFwTHIwMHEzR1hkRHJMVktQVndUVW9hZjdxUFd3aTdTNmhHUTBnZmMtZENCbVR6Mk1sZkpWUkhDN1RqMWlZUEtVZGZXM1YwaWlqUDBOYW9qbDBCYnpmZlZoYjVTbDg0ZENRVTdZNEJCM2VfTEJOYUJRU2RSdw?oc=5,위스키
"바카디코리아, 아이리시 위스키 ‘틸링’ 국내 유통 재개 - 경상일보","<a href=""https://news.google.com/rss/articles/CBMibEFVX3lxTE1hU3JUcWFzX1RsaVJLaUxla3NSMmR4cF84VTYza2J6LWdwWng4VjlvQXltc25qU2NHLTZ2N2pqRTF3SmxUZGZyalJoMFdjSE43NGc4R3pzWnBXLTRjeEE1T0VGc3hna3RsMnBBUA?oc=5"" target=""_blank"">바카디코리아, 아이리시 위스키 ‘틸링’ 국내 유통 재개</a>&nbsp;&nbsp;<font color=""#6f6f6f"">경상일보</font>",https://news.google.com/rss/articles/CBMibEFVX3lxTE1hU3JUcWFzX1RsaVJLaUxla3NSMmR4cF84VTYza2J6LWdwWng4VjlvQXltc25qU2NHLTZ2N2pqRTF3SmxUZGZyalJoMFdjSE43NGc4R3pzWnBXLTRjeEE1T0VGc3hna3RsMnBBUA?oc=5,위스키
"발렌타인, 성수동서 도심형 위스키 이벤트 개최 - 로이슈","<a href=""https://news.google.com/rss/articles/CBMiekFVX3lxTE9XVWl4RXRpb1JnRE5namRtR0Roc0d4QzhUSVJyMERvelo4TmNMQVZTYTZMb25yT0prYmhJUHM1N2ZQU3FsVU5MampzRWRQMG1nTjRRMmV2MkFINHhGaWMxWlplc0stMGtBQXlCX0pZM0t3YmxobFpTNjdB?oc=5"" target=""_blank"">발렌타인, 성수동서 도심형 위스키 이벤트 개최</a>&nbsp;&nbsp;<font color=""#6f6f6f"">로이슈</font>",https://news.google.com/rss/articles/CBMiekFVX3lxTE9XVWl4RXRpb1JnRE5namRtR0Roc0d4QzhUSVJyMERvelo4TmNMQVZTYTZMb25yT0prYmhJUHM1N2ZQU3FsVU5MampzRWRQMG1nTjRRMmV2MkFINHhGaWMxWlplc0stMGtBQXlCX0pZM0t3YmxobFpTNjdB?oc=5,위스키
방탄소년단 RM도 찾는다더니…불티나게 팔린 이 술 - 한국경제,"<a href=""https://news.google.com/rss/articles/CBMiWkFVX3lxTE1oOGk3RFh3VUgwRWdvSDE0Q2RRMUhxZ2pNZWxDWkdRR1k3SVhSN2UzMk96bFJOYjIzc0N6OFBRUTAxSUt2cXJ0YWJZMEVrU1lrRHpHZmZkZmZTZ9IBVEFVX3lxTE15d0ZrYlpXcjVpQXJOZFJkM1gtSGliUUR3cXE4YThxQ01iTlJPR1EzbUtDUXVkcWI0YTJKUUM4MXJCbmQ3Tk1NV2Y3dVpQX0FfYm9SaA?oc=5"" target=""_blank"">방탄소년단 RM도 찾는다더니…불티나게 팔린 이 술</a>&nbsp;&nbsp;<font color=""#6f6f6f"">한국경제</font>",https://news.google.com/rss/articles/CBMiWkFVX3lxTE1oOGk3RFh3VUgwRWdvSDE0Q2RRMUhxZ2pNZWxDWkdRR1k3SVhSN2UzMk96bFJOYjIzc0N6OFBRUTAxSUt2cXJ0YWJZMEVrU1lrRHpHZmZkZmZTZ9IBVEFVX3lxTE15d0ZrYlpXcjVpQXJOZFJkM1gtSGliUUR3cXE4YThxQ01iTlJPR1EzbUtDUXVkcWI0YTJKUUM4MXJCbmQ3Tk1NV2Y3dVpQX0FfYm9SaA?oc=5,위스키
"발렌타인, 현빈과 함께 ‘19th Hole Vol.2’ 개최…도심형 위스키 경험 제안 - 글로벌에픽","<a href=""https://news.google.com/rss/articles/CBMifEFVX3lxTFBVb2RoNEJReUhMWlRRUTY1a0JKc21ucnN4Y2NseHdtblpRVnc0MFBRRHZobExFekxFMkFMRWlGU2J4azQ0ZUFaRl9tZUJVLVNVZnAyaS1vblJtVkF0WTdGQVFxX0Z5Wno4ekNPTkhESERSSE9hLVlrMXl1OGE?oc=5"" target=""_blank"">발렌타인, 현빈과 함께 ‘19th Hole Vol.2’ 개최…도심형 위스키 경험 제안</a>&nbsp;&nbsp;<font color=""#6f6f6f"">글로벌에픽</font>",https://news.google.com/rss/articles/CBMifEFVX3lxTFBVb2RoNEJReUhMWlRRUTY1a0JKc21ucnN4Y2NseHdtblpRVnc0MFBRRHZobExFekxFMkFMRWlGU2J4azQ0ZUFaRl9tZUJVLVNVZnAyaS1vblJtVkF0WTdGQVFxX0Z5Wno4ekNPTkhESERSSE9hLVlrMXl1OGE?oc=5,위스키
[신간] 최승호 시인이 들려주는 시작 강의…'새앙노트' - 연합뉴스,"<a href=""https://news.google.com/rss/articles/CBMiYEFVX3lxTE9fbHUwQ2I0a2VsWFZDWlRCNWR2dFctMzluenN6d1hkZmhRaXFiOVJ1RDBiZExOOXFmek9FRkpYTEgwcHVKS3hIVnNjeUc4Ym1qeUpjYVNpRUVDNVhObHFPVtIBYEFVX3lxTE9fbHUwQ2I0a2VsWFZDWlRCNWR2dFctMzluenN6d1hkZmhRaXFiOVJ1RDBiZExOOXFmek9FRkpYTEgwcHVKS3hIVnNjeUc4Ym1qeUpjYVNpRUVDNVhObHFPVg?oc=5"" target=""_blank"">[신간] 최승호 시인이 들려주는 시작 강의…'새앙노트'</a>&nbsp;&nbsp;<font color=""#6f6f6f"">연합뉴스</font>",https://news.google.com/rss/articles/CBMiYEFVX3lxTE9fbHUwQ2I0a2VsWFZDWlRCNWR2dFctMzluenN6d1hkZmhRaXFiOVJ1RDBiZExOOXFmek9FRkpYTEgwcHVKS3hIVnNjeUc4Ym1qeUpjYVNpRUVDNVhObHFPVtIBYEFVX3lxTE9fbHUwQ2I0a2VsWFZDWlRCNWR2dFctMzluenN6d1hkZmhRaXFiOVJ1RDBiZExOOXFmek9FRkpYTEgwcHVKS3hIVnNjeUc4Ym1qeUpjYVNpRUVDNVhObHFPVg?oc=5,위스키
"우드포드 리저브, 한정판 2종 출시… ‘데일리샷’ 단독 판매 - 매거진한경","<a href=""https://news.google.com/rss/articles/CBMiaEFVX3lxTE45UFNST2N1bFZsN2piWHZYQ2RSZW5HVEdIU3FZeDB6dWtlZjd0bnVfbHR1dXRiU2JQRWZkVnVoQm5JTnJWV3dkSmxwckphem5wRnVTN3VaTmdqbV9ZUDZaRk81b1F6NTJf?oc=5"" target=""_blank"">우드포드 리저브, 한정판 2종 출시… ‘데일리샷’ 단독 판매</a>&nbsp;&nbsp;<font color=""#6f6f6f"">매거진한경</font>",https://news.google.com/rss/articles/CBMiaEFVX3lxTE45UFNST2N1bFZsN2piWHZYQ2RSZW5HVEdIU3FZeDB6dWtlZjd0bnVfbHR1dXRiU2JQRWZkVnVoQm5JTnJWV3dkSmxwckphem5wRnVTN3VaTmdqbV9ZUDZaRk81b1F6NTJf?oc=5,위스키
"발렌타인, 성수동서 ‘19th Hole Vol.2’ 진행…현빈과 위스키 경험 확대 - 빅데이터뉴스","<a href=""https://news.google.com/rss/articles/CBMifEFVX3lxTE93SVl3VzFQbUc3c1hFWER4ZXYyVWRvbzlSYmFGLU1wTjRzOGJNd1V0WUVXZmVRTUVtbUx1aVVjU1ZYUFB0Q1c5OVRSc1U2X0VaT19HNkdwVFdudVdnM2ZoVF9VR3psVFl2WW4yU2F2WVR6WGNCMjdDdWl0ZkY?oc=5"" target=""_blank"">발렌타인, 성수동서 ‘19th Hole Vol.2’ 진행…현빈과 위스키 경험 확대</a>&nbsp;&nbsp;<font color=""#6f6f6f"">빅데이터뉴스</font>",https://news.google.com/rss/articles/CBMifEFVX3lxTE93SVl3VzFQbUc3c1hFWER4ZXYyVWRvbzlSYmFGLU1wTjRzOGJNd1V0WUVXZmVRTUVtbUx1aVVjU1ZYUFB0Q1c5OVRSc1U2X0VaT19HNkdwVFdudVdnM2ZoVF9VR3psVFl2WW4yU2F2WVR6WGNCMjdDdWl0ZkY?oc=5,위스키
"바카디코리아, 아이리시 위스키 ‘틸링’ 국내 재출시 - 공감신문","<a href=""https://news.google.com/rss/articles/CBMiaEFVX3lxTFBndnVsRktUUnlZWENRZlhzZDJZOFhHWGQ3Z3dRRGdkdWtRTmVBZXBWdnpRVWphZ1lmSHNfOE8wMFpGOVJ4cGZEUk1pbWJ1ZjNFV2lqcm5laG1mWkE4Snp6eWpYLWszQl95?oc=5"" target=""_blank"">바카디코리아, 아이리시 위스키 ‘틸링’ 국내 재출시</a>&nbsp;&nbsp;<font color=""#6f6f6f"">공감신문</font>",https://news.google.com/rss/articles/CBMiaEFVX3lxTFBndnVsRktUUnlZWENRZlhzZDJZOFhHWGQ3Z3dRRGdkdWtRTmVBZXBWdnpRVWphZ1lmSHNfOE8wMFpGOVJ4cGZEUk1pbWJ1ZjNFV2lqcm5laG1mWkE4Snp6eWpYLWszQl95?oc=5,위스키
아열대산 `카발란` 판매량 1년새 91.6%↑ - 국제신문,"<a href=""https://news.google.com/rss/articles/CBMijgFBVV95cUxQVzlHTUo3RjFoOHdkRS1LcXhVbVFVeHFuMzljNGN2OEJvaE91QllOMVdqSTVaTlpQUmlDemVOaldScDJWLURTbkFjd29jYkxOU0JuWDEyQ3E2dkFnSncyVzVVZFdHMmw4Q1NrN2xMemlZaTlYR2hiYTMzUWJ5b0dWdkJBQnlJWFlocTk2YUhR?oc=5"" target=""_blank"">아열대산 `카발란` 판매량 1년새 91.6%↑</a>&nbsp;&nbsp;<font color=""#6f6f6f"">국제신문</font>",https://news.google.com/rss/articles/CBMijgFBVV95cUxQVzlHTUo3RjFoOHdkRS1LcXhVbVFVeHFuMzljNGN2OEJvaE91QllOMVdqSTVaTlpQUmlDemVOaldScDJWLURTbkFjd29jYkxOU0JuWDEyQ3E2dkFnSncyVzVVZFdHMmw4Q1NrN2xMemlZaTlYR2hiYTMzUWJ5b0dWdkJBQnlJWFlocTk2YUhR?oc=5,위스키
"“어서 와, 한국은 처음이지”…우드포드 리저브 한정판 위스키 2종, 국내 첫 출시 - 매일경제","<a href=""https://news.google.com/rss/articles/CBMiVkFVX3lxTFBOSmZFX2IwampHczM3bFFOS2c2QS1UQ3hwWjFVX0pqcmR2MDBBZS1wZGx2dV91U0d4enlJalJrNkh5b0F2VEpNX1F0VE5GdkE5TVVDRjd3?oc=5"" target=""_blank"">“어서 와, 한국은 처음이지”…우드포드 리저브 한정판 위스키 2종, 국내 첫 출시</a>&nbsp;&nbsp;<font color=""#6f6f6f"">매일경제</font>",https://news.google.com/rss/articles/CBMiVkFVX3lxTFBOSmZFX2IwampHczM3bFFOS2c2QS1UQ3hwWjFVX0pqcmR2MDBBZS1wZGx2dV91U0d4enlJalJrNkh5b0F2VEpNX1F0VE5GdkE5TVVDRjd3?oc=5,위스키
"바카디코리아, 아이리시 위스키 브랜드 '틸링' 국내 공급 재개 - 필드뉴스","<a href=""https://news.google.com/rss/articles/CBMiakFVX3lxTE9hZk11LWxwRFBLVGRMd0RHb0hNNXo3YmFYMHdkeEdzWXM4RHAyQ0xDUXZrMmtzZVlXSmpiQzgycUNUWExrN1NxZ0NpcXhyWnFjSjRIZkJfQWQ4M2trMEFtZjRpcnhXZWUwN0HSAWxBVV95cUxOZkFnejI4MFRQUWFNa01QZFpObU1tcmpHTHlKTU16S0hZbnk0aGFzbEpDaU1hMmUwakpiNm1IMHRUTUJHUzhHbGRYNUh5Z011UDZueDRuSnFIbDlGb2JKNG9HOXNOXzZ0UGJTN2I?oc=5"" target=""_blank"">바카디코리아, 아이리시 위스키 브랜드 '틸링' 국내 공급 재개</a>&nbsp;&nbsp;<font color=""#6f6f6f"">필드뉴스</font>",https://news.google.com/rss/articles/CBMiakFVX3lxTE9hZk11LWxwRFBLVGRMd0RHb0hNNXo3YmFYMHdkeEdzWXM4RHAyQ0xDUXZrMmtzZVlXSmpiQzgycUNUWExrN1NxZ0NpcXhyWnFjSjRIZkJfQWQ4M2trMEFtZjRpcnhXZWUwN0HSAWxBVV95cUxOZkFnejI4MFRQUWFNa01QZFpObU1tcmpHTHlKTU16S0hZbnk0aGFzbEpDaU1hMmUwakpiNm1IMHRUTUJHUzhHbGRYNUh5Z011UDZueDRuSnFIbDlGb2JKNG9HOXNOXzZ0UGJTN2I?oc=5,위스키
"우드포드 리저브, 한정판 위스키 2종 국내 첫 출시 - 로이슈","<a href=""https://news.google.com/rss/articles/CBMiekFVX3lxTE1BNmlDVzNhZFNjMUtNR3RoRnF4N3NqeERld2U3LUNzUVZjbThFeUFOVDJSZEV4U1g5OV9XN2dPUUxNcXFybWZJQ0VEYWtzMEdlODFXd1haX09kYlAwNnBGV1dYVUJOZWo1dWlCbGRIZHVwQ1pjdVpTYmVR?oc=5"" target=""_blank"">우드포드 리저브, 한정판 위스키 2종 국내 첫 출시</a>&nbsp;&nbsp;<font color=""#6f6f6f"">로이슈</font>",https://news.google.com/rss/articles/CBMiekFVX3lxTE1BNmlDVzNhZFNjMUtNR3RoRnF4N3NqeERld2U3LUNzUVZjbThFeUFOVDJSZEV4U1g5OV9XN2dPUUxNcXFybWZJQ0VEYWtzMEdlODFXd1haX09kYlAwNnBGV1dYVUJOZWo1dWlCbGRIZHVwQ1pjdVpTYmVR?oc=5,위스키
"이 대통령 “다주택 공직자, 부동산 정책서 배제”…누가 해당? - 한겨레","<a href=""https://news.google.com/rss/articles/CBMia0FVX3lxTFBQdks2UDg0U1dreXdlWV9kby1NdTdua1VkVEJvZ29EZ2pHc3I2M2c2cmZfQ2VvbXpNcWo5R2IyMV9GaDdlN3BJUWs3YVVMNGhEN0Mxcmd5NlJJQWlQcmUxSlp6WmhxWnVHVnI4?oc=5"" target=""_blank"">이 대통령 “다주택 공직자, 부동산 정책서 배제”…누가 해당?</a>&nbsp;&nbsp;<font color=""#6f6f6f"">한겨레</font>",https://news.google.com/rss/articles/CBMia0FVX3lxTFBQdks2UDg0U1dreXdlWV9kby1NdTdua1VkVEJvZ29EZ2pHc3I2M2c2cmZfQ2VvbXpNcWo5R2IyMV9GaDdlN3BJUWs3YVVMNGhEN0Mxcmd5NlJJQWlQcmUxSlp6WmhxWnVHVnI4?oc=5,부동산
"[속보] 李대통령 ""부동산 정책서 다주택 공직자 배제"" - 중앙일보","<a href=""https://news.google.com/rss/articles/CBMiVkFVX3lxTE1xYkVwMDdZMlphQ2loVUIzZWFCcXFuVUtPS1Z4UDZhZ1NQMWZtRXlCY05sZlBOWHhaREhOcVhIVzZuUm9WczNBWGQ1QllabHlLVW9PdUxB?oc=5"" target=""_blank"">[속보] 李대통령 ""부동산 정책서 다주택 공직자 배제""</a>&nbsp;&nbsp;<font color=""#6f6f6f"">중앙일보</font>",https://news.google.com/rss/articles/CBMiVkFVX3lxTE1xYkVwMDdZMlphQ2loVUIzZWFCcXFuVUtPS1Z4UDZhZ1NQMWZtRXlCY05sZlBOWHhaREhOcVhIVzZuUm9WczNBWGQ1QllabHlLVW9PdUxB?oc=5,부동산
"李, 다주택 공직자 부동산 정책 논의서 배제 지시 - 동아일보","<a href=""https://news.google.com/rss/articles/CBMid0FVX3lxTFAtWTNxNFJqaXpZVnh0QWZ6X1FlR0E2YUdlb1B6Q2JUM3pPY3pPRC1KYVEyT2FXcGFLbWxUc01raUJXU1lJLW1RUy1Ba2diaHJhQUhhVEtGSDN0dEN0NTg2ZzFyYkw5NG9MWlBBUmVVa2t2ZEFrR3hz0gFmQVVfeXFMTXRLVDVpbjVFZnFUZjdNclZhQklzQnJiVlpSa2FWakZsUUkyZ3lCa0xEQVZhekpYQXRLRjdhYl9WSzNVaHNPcG5SNHRyV0R1Wml0QlFvVTVVVFJDelMwQUVLUVpJamt3?oc=5"" target=""_blank"">李, 다주택 공직자 부동산 정책 논의서 배제 지시</a>&nbsp;&nbsp;<font color=""#6f6f6f"">동아일보</font>",https://news.google.com/rss/articles/CBMid0FVX3lxTFAtWTNxNFJqaXpZVnh0QWZ6X1FlR0E2YUdlb1B6Q2JUM3pPY3pPRC1KYVEyT2FXcGFLbWxUc01raUJXU1lJLW1RUy1Ba2diaHJhQUhhVEtGSDN0dEN0NTg2ZzFyYkw5NG9MWlBBUmVVa2t2ZEFrR3hz0gFmQVVfeXFMTXRLVDVpbjVFZnFUZjdNclZhQklzQnJiVlpSa2FWakZsUUkyZ3lCa0xEQVZhekpYQXRLRjdhYl9WSzNVaHNPcG5SNHRyV0R1Wml0QlFvVTVVVFJDelMwQUVLUVpJamt3?oc=5,부동산
전월세 계약 막막한 청년 주목…'부동산 무료 교육' 신청하세요! - 서울특별시,"<a href=""https://news.google.com/rss/articles/CBMiWEFVX3lxTE95YnJBcGFaV0lTR0dQZ1RSQTc0djhiV0cwaC1hTXpMMEk5Mzd0R0pQZkFFY3BhUHl6U1JmajJlQk1qZmZJOGJxYnNqTUdrbWJqUEhOOGJDa3U?oc=5"" target=""_blank"">전월세 계약 막막한 청년 주목…'부동산 무료 교육' 신청하세요!</a>&nbsp;&nbsp;<font color=""#6f6f6f"">서울특별시</font>",https://news.google.com/rss/articles/CBMiWEFVX3lxTE95YnJBcGFaV0lTR0dQZ1RSQTc0djhiV0cwaC1hTXpMMEk5Mzd0R0pQZkFFY3BhUHl6U1JmajJlQk1qZmZJOGJxYnNqTUdrbWJqUEhOOGJDa3U?oc=5,부동산
[단독] 지난해 해외 부동산 취득에 8800억원 송금 - 조선일보,"<a href=""https://news.google.com/rss/articles/CBMijgFBVV95cUxPSHpsMHFlY3pDendMemt0c3o3NEt5Y2xJRjd0N3ZKeDlBR19XeGJmZXJDUlJ6UklwTHppLTdna1ZRNE9lNkNSRjk3dXJlWnVSOVUxSTh2bm0xeXZiZldLZ3ZNVDlnNWlHNXM1ZU9KTUFwb3RSck9YNGw5WkxNNVhwTFZMME9ram1PV18zaGxn0gGiAUFVX3lxTE1rR0RlUlN6Ui1yaE11UXBrWWpNbzR1TURNNzZoQ3R1UGdzSTVfTEs4cGwyN3I1MHdDclYxYnQ0SENvdk9fNElQUmpmTi1ORDQ0UjVnNjA4LVllTWFvVnBrdEN0bjktSkpHb0kydFpEUVZmMHRPRldHbk5yajZUREhfUjNNdjZTOXBrbTQ5ZVUtTkFpUnUyZGhuV1BTazlVZEJlUQ?oc=5"" target=""_blank"">[단독] 지난해 해외 부동산 취득에 8800억원 송금</a>&nbsp;&nbsp;<font color=""#6f6f6f"">조선일보</font>",https://news.google.com/rss/articles/CBMijgFBVV95cUxPSHpsMHFlY3pDendMemt0c3o3NEt5Y2xJRjd0N3ZKeDlBR19XeGJmZXJDUlJ6UklwTHppLTdna1ZRNE9lNkNSRjk3dXJlWnVSOVUxSTh2bm0xeXZiZldLZ3ZNVDlnNWlHNXM1ZU9KTUFwb3RSck9YNGw5WkxNNVhwTFZMME9ram1PV18zaGxn0gGiAUFVX3lxTE1rR0RlUlN6Ui1yaE11UXBrWWpNbzR1TURNNzZoQ3R1UGdzSTVfTEs4cGwyN3I1MHdDclYxYnQ0SENvdk9fNElQUmpmTi1ORDQ0UjVnNjA4LVllTWFvVnBrdEN0bjktSkpHb0kydFpEUVZmMHRPRldHbk5yajZUREhfUjNNdjZTOXBrbTQ5ZVUtTkFpUnUyZGhuV1BTazlVZEJlUQ?oc=5,부동산
"이 대통령 “다주택·부동산 과다보유자, 부동산 정책 라인 배제…0.1% 구멍도 안 돼” - 경향신문","<a href=""https://news.google.com/rss/articles/CBMiWkFVX3lxTE5hUEQxTTBxNHFmS0w3aTB6U3NIc2dQRWVtbnpKRzdtZW5NaDlJSHBVaUlFa1czUG9aSDBYTXkxaEUyX3FYVC0zbnVydFhxYUplUFp4Z05qVGFjd9IBX0FVX3lxTFBmYjdFWnk5dXhDUHA1Ni1iRThONWtLSG1CQ3RrZm5mWFV1R2FPSzJTVzdyMzRhdmd6ZlAxN2dkN1VCdS1GTUp5NTBjV25wcU9aYkV2a3VMTG5tSThoN0Y4?oc=5"" target=""_blank"">이 대통령 “다주택·부동산 과다보유자, 부동산 정책 라인 배제…0.1% 구멍도 안 돼”</a>&nbsp;&nbsp;<font color=""#6f6f6f"">경향신문</font>",https://news.google.com/rss/articles/CBMiWkFVX3lxTE5hUEQxTTBxNHFmS0w3aTB6U3NIc2dQRWVtbnpKRzdtZW5NaDlJSHBVaUlFa1czUG9aSDBYTXkxaEUyX3FYVC0zbnVydFhxYUplUFp4Z05qVGFjd9IBX0FVX3lxTFBmYjdFWnk5dXhDUHA1Ni1iRThONWtLSG1CQ3RrZm5mWFV1R2FPSzJTVzdyMzRhdmd6ZlAxN2dkN1VCdS1GTUp5NTBjV25wcU9aYkV2a3VMTG5tSThoN0Y4?oc=5,부동산
"[속보] 李대통령, 다주택 공직자 부동산 정책 논의서 배제 지시 - 매일경제","<a href=""https://news.google.com/rss/articles/CBMiVkFVX3lxTFBHdG5oMzhPTzJUdDgyeDM1d3lybnV1TE5uU19rektSNTB0c3RKSGNsam1RY19Ta0YwMTM5R3ltcFE0UDZxb01lSkt3VWhFbDVvZHFtSFFB?oc=5"" target=""_blank"">[속보] 李대통령, 다주택 공직자 부동산 정책 논의서 배제 지시</a>&nbsp;&nbsp;<font color=""#6f6f6f"">매일경제</font>",https://news.google.com/rss/articles/CBMiVkFVX3lxTFBHdG5oMzhPTzJUdDgyeDM1d3lybnV1TE5uU19rektSNTB0c3RKSGNsam1RY19Ta0YwMTM5R3ltcFE0UDZxb01lSkt3VWhFbDVvZHFtSFFB?oc=5,부동산
두바이 부동산 폭락…전쟁 여파로 고급주택 25%↓ - 뉴시스,"<a href=""https://news.google.com/rss/articles/CBMiYEFVX3lxTFBKUS14c2dld2hSNmQ5UzRTQkFGbnkwaVE0OXJ3SGR1MVBpcUg5RmtkU0dRQ2ZfTklYQlVFX2t1Z1pGcDR6WjlmQ1hqbVFWYkpwZFM2VlRRdTBaTHQ5Sl90ONIBeEFVX3lxTFAwNXMwbzcwNlZ3dDlkdHVZc1dnaDdVNDdub2phYXZIbDM2eUUwVE05bkJNdl9Jc0tQVHlrWDloN0pXcjN0dnpWYmlwcjVOLXo3RjNZa0JQenEyaG5sd25qVEdDdC1VbENnRXlIZVdfWW5TRTRYME5ubA?oc=5"" target=""_blank"">두바이 부동산 폭락…전쟁 여파로 고급주택 25%↓</a>&nbsp;&nbsp;<font color=""#6f6f6f"">뉴시스</font>",https://news.google.com/rss/articles/CBMiYEFVX3lxTFBKUS14c2dld2hSNmQ5UzRTQkFGbnkwaVE0OXJ3SGR1MVBpcUg5RmtkU0dRQ2ZfTklYQlVFX2t1Z1pGcDR6WjlmQ1hqbVFWYkpwZFM2VlRRdTBaTHQ5Sl90ONIBeEFVX3lxTFAwNXMwbzcwNlZ3dDlkdHVZc1dnaDdVNDdub2phYXZIbDM2eUUwVE05bkJNdl9Jc0tQVHlrWDloN0pXcjN0dnpWYmlwcjVOLXo3RjNZa0JQenEyaG5sd25qVEdDdC1VbENnRXlIZVdfWW5TRTRYME5ubA?oc=5,부동산
"우리자산신탁·교정공제회, 부동산 투자·개발 협력 MOU 체결 - 글로벌이코노믹","<a href=""https://news.google.com/rss/articles/CBMiiAFBVV95cUxPWjNmb0VScXpUNk44elE2TE10YU1XMmV5RVkxbzVQZERUejF5ZnZtSlE0dUZEYkFPRS1BaWlOZGNUa2duU0syTWRjMy1LdkFqSkxnYmVrQW5mRERDTzdma3JLU2pZX2pVaEU4STVFSnBjOXZRc1FuUGxHTFlUalFXM0dQMXU5SHVE?oc=5"" target=""_blank"">우리자산신탁·교정공제회, 부동산 투자·개발 협력 MOU 체결</a>&nbsp;&nbsp;<font color=""#6f6f6f"">글로벌이코노믹</font>",https://news.google.com/rss/articles/CBMiiAFBVV95cUxPWjNmb0VScXpUNk44elE2TE10YU1XMmV5RVkxbzVQZERUejF5ZnZtSlE0dUZEYkFPRS1BaWlOZGNUa2duU0syTWRjMy1LdkFqSkxnYmVrQW5mRERDTzdma3JLU2pZX2pVaEU4STVFSnBjOXZRc1FuUGxHTFlUalFXM0dQMXU5SHVE?oc=5,부동산
李대통령 “빈말안한다…사업 대출로 부동산에 쓰면 사기죄 처벌” - 문화일보,"<a href=""https://news.google.com/rss/articles/CBMiUEFVX3lxTE1BcHFwQWJhUW5QbF9BczdKYVdMbHBHM0lfOVZ4a21ScHpia05rdjJIUVhVbzQ4cE5hYVRjZmFGMkZ4TWk4YlplakYwUkJ0c3dn?oc=5"" target=""_blank"">李대통령 “빈말안한다…사업 대출로 부동산에 쓰면 사기죄 처벌”</a>&nbsp;&nbsp;<font color=""#6f6f6f"">문화일보</font>",https://news.google.com/rss/articles/CBMiUEFVX3lxTE1BcHFwQWJhUW5QbF9BczdKYVdMbHBHM0lfOVZ4a21ScHpia05rdjJIUVhVbzQ4cE5hYVRjZmFGMkZ4TWk4YlplakYwUkJ0c3dn?oc=5,부동산
"李대통령 ""부동산, 금융부문 중요…세금은 핵폭탄 같은 최후수단"" - 연합뉴스","<a href=""https://news.google.com/rss/articles/CBMiW0FVX3lxTE1WOGNfQTlKdm9hU2xjTjcyYjd1cmstRmFCUUs5Y2ZOTFZ0Q0Y5M2JvQkMwRzV1WFhfeVRHWDQycG0wbS1QUkd1UWxsR0Nmd3lTUXEzdTUwQW1kZmfSAWBBVV95cUxNSE1tbVJtaFR3RENUekhnSjNjQWZzN2FqM28yMFJBeHFHZlVxblh2NGpJX1ZBNDRVOG5GUnpLcVNGNEZLMmFmdnA0TW9kVUtqYVBQU2Zmc2xiU0VYY1M2UGs?oc=5"" target=""_blank"">李대통령 ""부동산, 금융부문 중요…세금은 핵폭탄 같은 최후수단""</a>&nbsp;&nbsp;<font color=""#6f6f6f"">연합뉴스</font>",https://news.google.com/rss/articles/CBMiW0FVX3lxTE1WOGNfQTlKdm9hU2xjTjcyYjd1cmstRmFCUUs5Y2ZOTFZ0Q0Y5M2JvQkMwRzV1WFhfeVRHWDQycG0wbS1QUkd1UWxsR0Nmd3lTUXEzdTUwQW1kZmfSAWBBVV95cUxNSE1tbVJtaFR3RENUekhnSjNjQWZzN2FqM28yMFJBeHFHZlVxblh2NGpJX1ZBNDRVOG5GUnpLcVNGNEZLMmFmdnA0TW9kVUtqYVBQU2Zmc2xiU0VYY1M2UGs?oc=5,부동산
이 대통령 “사업자금으로 대출받아 부동산 사면 형사처벌…빈말 않는다” - 한겨레,"<a href=""https://news.google.com/rss/articles/CBMidEFVX3lxTE5USU9KQXM2VGcxZC1VR0VVZHV6ZkNkTXl6SzJ5bHhpRFFaendVaWtYa2lMRUtlWWJwUmprN2kwd3p2TmU1cjBWbDVHdkJKTXJmZm9fTy1hbVpRWVNKcEVzb0lKQVZ5VlgteUxLdGRKMTVON1J1?oc=5"" target=""_blank"">이 대통령 “사업자금으로 대출받아 부동산 사면 형사처벌…빈말 않는다”</a>&nbsp;&nbsp;<font color=""#6f6f6f"">한겨레</font>",https://news.google.com/rss/articles/CBMidEFVX3lxTE5USU9KQXM2VGcxZC1VR0VVZHV6ZkNkTXl6SzJ5bHhpRFFaendVaWtYa2lMRUtlWWJwUmprN2kwd3p2TmU1cjBWbDVHdkJKTXJmZm9fTy1hbVpRWVNKcEVzb0lKQVZ5VlgteUxLdGRKMTVON1J1?oc=5,부동산
"李 “다주택 공직자, 부동산 정책 업무서 빼라” - 조선일보","<a href=""https://news.google.com/rss/articles/CBMikAFBVV95cUxNN2xYc0xoWmk0WWxlS184TkM2V0RkdjJWVkdYZWdOVnlFOFJoSE56LTg0NEZmQTVVNk03MkdOLVMtSUo2T3lpTW83V0kxVTBERkg2OFRNOS1ubGxQYWlSVm4wX3ZTZEtYaFVBd2xsaVdsVEZxN193MHJxYXhtMW53TWZ3WkF6MVBicG15dnZGUVrSAaQBQVVfeXFMTTdHS2Y0TlZhOXgzVU9NUTI4Qk9zS3dIdnNiMkFQN3RkME9nSFFPTjZHRTVlNmZTNS1LM1AtUndOQWtyS1dacF9fTllqX0hsZ2F1YmRKTHhZRnQ3Ym84N1N3ak93RVJlLXNhZXgtVTFEV0piUUJNbTNPcmVBX0hic0dZcEZYd1drdnZkbGpwOGs1OWNWbnJQRzI2UDRXX1ptT2wzanc?oc=5"" target=""_blank"">李 “다주택 공직자, 부동산 정책 업무서 빼라”</a>&nbsp;&nbsp;<font color=""#6f6f6f"">조선일보</font>",https://news.google.com/rss/articles/CBMikAFBVV95cUxNN2xYc0xoWmk0WWxlS184TkM2V0RkdjJWVkdYZWdOVnlFOFJoSE56LTg0NEZmQTVVNk03MkdOLVMtSUo2T3lpTW83V0kxVTBERkg2OFRNOS1ubGxQYWlSVm4wX3ZTZEtYaFVBd2xsaVdsVEZxN193MHJxYXhtMW53TWZ3WkF6MVBicG15dnZGUVrSAaQBQVVfeXFMTTdHS2Y0TlZhOXgzVU9NUTI4Qk9zS3dIdnNiMkFQN3RkME9nSFFPTjZHRTVlNmZTNS1LM1AtUndOQWtyS1dacF9fTllqX0hsZ2F1YmRKTHhZRnQ3Ym84N1N3ak93RVJlLXNhZXgtVTFEV0piUUJNbTNPcmVBX0hic0dZcEZYd1drdnZkbGpwOGs1OWNWbnJQRzI2UDRXX1ptT2wzanc?oc=5,부동산
"李 “다주택 등 공직자, 부동산 정책 과정 배제”…대상은 누구? - 중앙일보","<a href=""https://news.google.com/rss/articles/CBMiVkFVX3lxTFBKTW1mVXhtN3FSWGNPYU1ELWR2YU9xV092MFNJSXJKQ1ZLR3V0Mjdnc2xJWFozOGNUQTF3Q3I5eE9YQnhMeE5XRkFqZ09rREowOUFFOFFB?oc=5"" target=""_blank"">李 “다주택 등 공직자, 부동산 정책 과정 배제”…대상은 누구?</a>&nbsp;&nbsp;<font color=""#6f6f6f"">중앙일보</font>",https://news.google.com/rss/articles/CBMiVkFVX3lxTFBKTW1mVXhtN3FSWGNPYU1ELWR2YU9xV092MFNJSXJKQ1ZLR3V0Mjdnc2xJWFozOGNUQTF3Q3I5eE9YQnhMeE5XRkFqZ09rREowOUFFOFFB?oc=5,부동산
"[사설]다주택 공직자 ‘부동산 업무’ 배제, 정책 신뢰 높일 전기로 - 경향신문","<a href=""https://news.google.com/rss/articles/CBMiWkFVX3lxTFBWcDhUS2ZuNWZ6cEhXc2RRdkJxODdMdGRCOVNiM1RqaldOUUNJam8zUEkxRi1jLUVVRkg4X3lZUWJLb0Y1UUlRVUpqRmZaS2hhWnZobW1RRDYxQdIBX0FVX3lxTE5ub0Z0c2dRaC1mbC0yMVRzcVJvd01xUXZ4eGstRkNOMFg2aW03X0Z2NzBxT09KNnlqMG9DZU50YjUtdThKS04tVUpMMkdRMVFEWXVZTkR6SXlGcm9STzNN?oc=5"" target=""_blank"">[사설]다주택 공직자 ‘부동산 업무’ 배제, 정책 신뢰 높일 전기로</a>&nbsp;&nbsp;<font color=""#6f6f6f"">경향신문</font>",https://news.google.com/rss/articles/CBMiWkFVX3lxTFBWcDhUS2ZuNWZ6cEhXc2RRdkJxODdMdGRCOVNiM1RqaldOUUNJam8zUEkxRi1jLUVVRkg4X3lZUWJLb0Y1UUlRVUpqRmZaS2hhWnZobW1RRDYxQdIBX0FVX3lxTE5ub0Z0c2dRaC1mbC0yMVRzcVJvd01xUXZ4eGstRkNOMFg2aW03X0Z2NzBxT09KNnlqMG9DZU50YjUtdThKS04tVUpMMkdRMVFEWXVZTkR6SXlGcm9STzNN?oc=5,부동산
이 대통령 “0.1% 구멍도 안 돼”…다주택 공직자 부동산 정책서 배제 - 한겨레,"<a href=""https://news.google.com/rss/articles/CBMia0FVX3lxTE9WRXpuOTBoOF9LMTVtWFQxbkJFYXYtVUFVazRYQWMwNEEzdlV5aHIzaWV3MDREMVNnNmJ0bjk1RXFMaVpINWNzN0tMbUpYZGFrYlVrc2stTVdjQkV0X0V5MWpMTjZXV1RzUndj?oc=5"" target=""_blank"">이 대통령 “0.1% 구멍도 안 돼”…다주택 공직자 부동산 정책서 배제</a>&nbsp;&nbsp;<font color=""#6f6f6f"">한겨레</font>",https://news.google.com/rss/articles/CBMia0FVX3lxTE9WRXpuOTBoOF9LMTVtWFQxbkJFYXYtVUFVazRYQWMwNEEzdlV5aHIzaWV3MDREMVNnNmJ0bjk1RXFMaVpINWNzN0tMbUpYZGFrYlVrc2stTVdjQkV0X0V5MWpMTjZXV1RzUndj?oc=5,부동산
李 대통령 “부동산 정책서 다주택 공직자 배제” - 조선일보,"<a href=""https://news.google.com/rss/articles/CBMikAFBVV95cUxPMGxkUUhGRlB5MEk3X1ZldUxPMUJ3cXBVMExvNEQ4SHFhWnE4YVl5U25RdlRJYWtTeHNxaW1QVXc2MFNNMGtDUTJES3BaTW05WHo3TlZPMC0ybEFrWmpqYmVUNjdBMS1JQ3VnOUVxRHhZYUZoVEdnM0ttdWFCMFJxSkdlSzB3N0FrNVVOYkF5cDPSAaQBQVVfeXFMUENBVlgyQk14VDBQRmluSnZLOVkteHozSW41cWxPQ0FObXA1Yjd2ejh4MzU3Wm8xZllQRWdIWG41WTRBaW1URzhqaW9RamUyck85aXVJZHBaZ05CWEZJbFF3dmJzUUl4eFNfMnJMSmpZVXlvUTU5YVRYMXNrdlk3cXpodkJHR1lZQmtvSFRGbk1zTVlUeHBpZnpQVjJIdlVBNW1NbDM?oc=5"" target=""_blank"">李 대통령 “부동산 정책서 다주택 공직자 배제”</a>&nbsp;&nbsp;<font color=""#6f6f6f"">조선일보</font>",https://news.google.com/rss/articles/CBMikAFBVV95cUxPMGxkUUhGRlB5MEk3X1ZldUxPMUJ3cXBVMExvNEQ4SHFhWnE4YVl5U25RdlRJYWtTeHNxaW1QVXc2MFNNMGtDUTJES3BaTW05WHo3TlZPMC0ybEFrWmpqYmVUNjdBMS1JQ3VnOUVxRHhZYUZoVEdnM0ttdWFCMFJxSkdlSzB3N0FrNVVOYkF5cDPSAaQBQVVfeXFMUENBVlgyQk14VDBQRmluSnZLOVkteHozSW41cWxPQ0FObXA1Yjd2ejh4MzU3Wm8xZllQRWdIWG41WTRBaW1URzhqaW9RamUyck85aXVJZHBaZ05CWEZJbFF3dmJzUUl4eFNfMnJMSmpZVXlvUTU5YVRYMXNrdlk3cXpodkJHR1lZQmtvSFRGbk1zTVlUeHBpZnpQVjJIdlVBNW1NbDM?oc=5,부동산
"이 대통령 ‘최후 수단’ 언급한 부동산 세제는…보유세 강화, 장특공제 축소 - 한겨레","<a href=""https://news.google.com/rss/articles/CBMickFVX3lxTFB2VllicGVwMXN5dUpOYXRaQ2ViWFd2SUJBRUtSaXd0ajhVZTBBblRvcjJHTUgyenVlMlI4NlNxb3VrMVp1VEdNYWppamVqQzNWRUgwSGVzZnBTN2twZ3VGRnR5MFFkZkFPQ013T3E3blM5Zw?oc=5"" target=""_blank"">이 대통령 ‘최후 수단’ 언급한 부동산 세제는…보유세 강화, 장특공제 축소</a>&nbsp;&nbsp;<font color=""#6f6f6f"">한겨레</font>",https://news.google.com/rss/articles/CBMickFVX3lxTFB2VllicGVwMXN5dUpOYXRaQ2ViWFd2SUJBRUtSaXd0ajhVZTBBblRvcjJHTUgyenVlMlI4NlNxb3VrMVp1VEdNYWppamVqQzNWRUgwSGVzZnBTN2twZ3VGRnR5MFFkZkFPQ013T3E3blM5Zw?oc=5,부동산
종부세 폭탄에 1주택자도 타깃… 지방선거 후 부동산 증세 임박 - 조선비즈 - Chosunbiz,"<a href=""https://news.google.com/rss/articles/CBMimAFBVV95cUxQUUw3dTgzZXhUN3NENGppUkc0MDVKRnFJcmp4YnY5STdMNFI5X1RxNlQzNFNTa01IZ3QzUTZ1dmFEY29kc1Utc3c5a1JmT3IxMGVHS3RBdUc3bWRBUl9jSTZ3TnJuMHRmR1drOGUxYlVCTGE5MG1TYWlkMkJVbG5LMXVWa3ZVSTNjT3A5VVNSVi1CLThwclNRSNIBrAFBVV95cUxQQzJtYVU4V2toLTJ0ZldwNnpKTkVDbkRoMXVxQmdVeG9xNDA3b0VkckVTcG95TFctNnFxb2lsc1NnU0NmZ2pkQWJveTNZRTN6RjI4ZVIydHVNb3pLbFgybVhCRkhEZ19RSmttRnRqZFMxbVhJV2dTd1FlckdYRDZ0ZzYtRDZFX25rZTlTWlo2R090WG1YajRIYWNSMVVBWTNSWDMtUGVJODg4TlNu?oc=5"" target=""_blank"">종부세 폭탄에 1주택자도 타깃… 지방선거 후 부동산 증세 임박 - 조선비즈</a>&nbsp;&nbsp;<font color=""#6f6f6f"">Chosunbiz</font>",https://news.google.com/rss/articles/CBMimAFBVV95cUxQUUw3dTgzZXhUN3NENGppUkc0MDVKRnFJcmp4YnY5STdMNFI5X1RxNlQzNFNTa01IZ3QzUTZ1dmFEY29kc1Utc3c5a1JmT3IxMGVHS3RBdUc3bWRBUl9jSTZ3TnJuMHRmR1drOGUxYlVCTGE5MG1TYWlkMkJVbG5LMXVWa3ZVSTNjT3A5VVNSVi1CLThwclNRSNIBrAFBVV95cUxQQzJtYVU4V2toLTJ0ZldwNnpKTkVDbkRoMXVxQmdVeG9xNDA3b0VkckVTcG95TFctNnFxb2lsc1NnU0NmZ2pkQWJveTNZRTN6RjI4ZVIydHVNb3pLbFgybVhCRkhEZ19RSmttRnRqZFMxbVhJV2dTd1FlckdYRDZ0ZzYtRDZFX25rZTlTWlo2R090WG1YajRIYWNSMVVBWTNSWDMtUGVJODg4TlNu?oc=5,부동산
"李대통령 “부동산 세금은 최후 수단, 그렇지만 준비는 하라” - 조선일보","<a href=""https://news.google.com/rss/articles/CBMikAFBVV95cUxORWU5Wktaa08yVkdWeFNXSi1GbFhkZXpkWURxU0VMZ2VqZ2c3WVZUdU8zT1l4RUdMckZyaUNGYlIzVmU3eWU1T1lQOW5aaEVqdy1KS1lWSTg4TGpsM1ZYVTk4bFpQY3c4WDlYVHNFVS1KeEx6ejlTX2l6ME92MjZ2cXVVWmI0N2dQRWRDS1B5ZFLSAaQBQVVfeXFMUG9PVktpTWpTOGVPeTlYNjZwRG5BeFlpbjBmU1pOZ3dyQlZWcUFMeGpEN3B5eHRObjlud3NkSWt5djBVX1V5RmlIN3ZIUENFUXpRZ1BBaUN3NGJaZjNqQUtVdlpjU296VkY0NUZVMTU2VTB6bi1FNl9VenhleE5nNU5yb1ZJSDctMTRrMUVKUFczYnZtYmlGN3ZDMllXcm4tRHpfV1g?oc=5"" target=""_blank"">李대통령 “부동산 세금은 최후 수단, 그렇지만 준비는 하라”</a>&nbsp;&nbsp;<font color=""#6f6f6f"">조선일보</font>",https://news.google.com/rss/articles/CBMikAFBVV95cUxORWU5Wktaa08yVkdWeFNXSi1GbFhkZXpkWURxU0VMZ2VqZ2c3WVZUdU8zT1l4RUdMckZyaUNGYlIzVmU3eWU1T1lQOW5aaEVqdy1KS1lWSTg4TGpsM1ZYVTk4bFpQY3c4WDlYVHNFVS1KeEx6ejlTX2l6ME92MjZ2cXVVWmI0N2dQRWRDS1B5ZFLSAaQBQVVfeXFMUG9PVktpTWpTOGVPeTlYNjZwRG5BeFlpbjBmU1pOZ3dyQlZWcUFMeGpEN3B5eHRObjlud3NkSWt5djBVX1V5RmlIN3ZIUENFUXpRZ1BBaUN3NGJaZjNqQUtVdlpjU296VkY0NUZVMTU2VTB6bi1FNl9VenhleE5nNU5yb1ZJSDctMTRrMUVKUFczYnZtYmlGN3ZDMllXcm4tRHpfV1g?oc=5,부동산
"""다주택 공직자, 부동산정책 과정서 배제""…이 대통령 '초강수' - 뉴스토마토","<a href=""https://news.google.com/rss/articles/CBMiYEFVX3lxTE9yUmJmUHJWRTR3UnlpbV9heWRVMTZ6Y1V3UXhnQ0FrR0dXb3dDMHhORmhROXk0dWlPOHpLb1JHbnBCNjZURWljYWh5eTdDUEF3cmRZV004THk3UUZWMEppbA?oc=5"" target=""_blank"">""다주택 공직자, 부동산정책 과정서 배제""…이 대통령 '초강수'</a>&nbsp;&nbsp;<font color=""#6f6f6f"">뉴스토마토</font>",https://news.google.com/rss/articles/CBMiYEFVX3lxTE9yUmJmUHJWRTR3UnlpbV9heWRVMTZ6Y1V3UXhnQ0FrR0dXb3dDMHhORmhROXk0dWlPOHpLb1JHbnBCNjZURWljYWh5eTdDUEF3cmRZV004THk3UUZWMEppbA?oc=5,부동산
"박홍근 ""부동산 세제, 장기적 시계의 심층연구 필요"" - 연합뉴스","<a href=""https://news.google.com/rss/articles/CBMiW0FVX3lxTE90VG1SbXRYY29MNkdpTWtEMDloVzdfa1ZoYk5JLWp4SFpSNUkyTV93MHhjZThWWXNfSklSaGxSOXJYUFFtT3hBSWY0T1RkWE50aVBWVnlxNnZ1clXSAWBBVV95cUxOczk4aXNlYUM3Z3p3VnBiQXdtcXFrdXlpT01sZ3lmaVFYQlprM2VNSTJObDV1OWNSUTRwVWc5cUJmSHc2S0xXYkNVQktPdjJoS2JNdnVQal9KeGVFZVA0NW0?oc=5"" target=""_blank"">박홍근 ""부동산 세제, 장기적 시계의 심층연구 필요""</a>&nbsp;&nbsp;<font color=""#6f6f6f"">연합뉴스</font>",https://news.google.com/rss/articles/CBMiW0FVX3lxTE90VG1SbXRYY29MNkdpTWtEMDloVzdfa1ZoYk5JLWp4SFpSNUkyTV93MHhjZThWWXNfSklSaGxSOXJYUFFtT3hBSWY0T1RkWE50aVBWVnlxNnZ1clXSAWBBVV95cUxOczk4aXNlYUM3Z3p3VnBiQXdtcXFrdXlpT01sZ3lmaVFYQlprM2VNSTJObDV1OWNSUTRwVWc5cUJmSHc2S0xXYkNVQktPdjJoS2JNdnVQal9KeGVFZVA0NW0?oc=5,부동산
"[속보]李대통령, ‘다주택 공직자’ 부동산 정책 논의서 배제 지시 - 문화일보","<a href=""https://news.google.com/rss/articles/CBMiUEFVX3lxTE1nUGxyemtwOUxJR1NFSnpNSkhmUzVjV3Y4ZFJsTURBZENaRDJrNDdVbUtDaVAyMzN6dWt2MDAwV2x4V0t2SmtxTmtOZEdkY0wt?oc=5"" target=""_blank"">[속보]李대통령, ‘다주택 공직자’ 부동산 정책 논의서 배제 지시</a>&nbsp;&nbsp;<font color=""#6f6f6f"">문화일보</font>",https://news.google.com/rss/articles/CBMiUEFVX3lxTE1nUGxyemtwOUxJR1NFSnpNSkhmUzVjV3Y4ZFJsTURBZENaRDJrNDdVbUtDaVAyMzN6dWt2MDAwV2x4V0t2SmtxTmtOZEdkY0wt?oc=5,부동산
"정원주 대우건설 회장, 북미 부동산 개발 확대 外 - 톱데일리","<a href=""https://news.google.com/rss/articles/CBMiUEFVX3lxTE92dGkxanJQNGx1TG85QzNrLVBfV3RJZ05UZTM1dE5sTjN4aGZPRjRRWVh0U200Vmk0UUNlbDh3TV9wUnN6MmNPZTZ5Y0Vkamxn?oc=5"" target=""_blank"">정원주 대우건설 회장, 북미 부동산 개발 확대 外</a>&nbsp;&nbsp;<font color=""#6f6f6f"">톱데일리</font>",https://news.google.com/rss/articles/CBMiUEFVX3lxTE92dGkxanJQNGx1TG85QzNrLVBfV3RJZ05UZTM1dE5sTjN4aGZPRjRRWVh0U200Vmk0UUNlbDh3TV9wUnN6MmNPZTZ5Y0Vkamxn?oc=5,부동산
"매물 잠기면 '도루묵'…금융위, 부동산대책 골든타임 맞출까 - 연합인포맥스","<a href=""https://news.google.com/rss/articles/CBMicEFVX3lxTE1NaGZQWjZTLUlvcDRWQThxTlJjc0JQNWx3ZEtJXzkydGVOZ3VBM3dpWEJabFdfUDMtXzlnN2VsYUdwdnM3R3licDhlVlpXdXd6Y25KN1lsMGkxOGVuVldGbzdhVmkxQlhFX3dxTDkxek0?oc=5"" target=""_blank"">매물 잠기면 '도루묵'…금융위, 부동산대책 골든타임 맞출까</a>&nbsp;&nbsp;<font color=""#6f6f6f"">연합인포맥스</font>",https://news.google.com/rss/articles/CBMicEFVX3lxTE1NaGZQWjZTLUlvcDRWQThxTlJjc0JQNWx3ZEtJXzkydGVOZ3VBM3dpWEJabFdfUDMtXzlnN2VsYUdwdnM3R3licDhlVlpXdXd6Y25KN1lsMGkxOGVuVldGbzdhVmkxQlhFX3dxTDkxek0?oc=5,부동산
[뉴스 다이브] “‘다주택 공직자’ 부동산 정책서 배제”…강수 둔 이 대통령 - 한겨레,"<a href=""https://news.google.com/rss/articles/CBMidEFVX3lxTE5POWNUY3FxQnpzbGJPWVlVSjhSbE1DSm9PeW9LTjh5aVc5SmtudExQVnVqOVZzcklWYVpWVjZOOVlIelZ2QlI4M05vVFFNQVBqLVkyakhaOWt0R1Z6QkVzSFJENW85X3AtM2ZWSnRFOXpzdzAw?oc=5"" target=""_blank"">[뉴스 다이브] “‘다주택 공직자’ 부동산 정책서 배제”…강수 둔 이 대통령</a>&nbsp;&nbsp;<font color=""#6f6f6f"">한겨레</font>",https://news.google.com/rss/articles/CBMidEFVX3lxTE5POWNUY3FxQnpzbGJPWVlVSjhSbE1DSm9PeW9LTjh5aVc5SmtudExQVnVqOVZzcklWYVpWVjZOOVlIelZ2QlI4M05vVFFNQVBqLVkyakhaOWt0R1Z6QkVzSFJENW85X3AtM2ZWSnRFOXpzdzAw?oc=5,부동산
한국 주택 시장 사이클 돌아보니…'대한민국 부동산의 역사' - 연합인포맥스,"<a href=""https://news.google.com/rss/articles/CBMicEFVX3lxTFBOSHNESG1kdy12VjRyM1JyN095REV3VGtZbFBkd1N2ZFlXaEU5T3g4Tl9kTnFQS2dpbjgybENYR2R2TXBJTlFPTVVLdUZxMktEY24yRkVqWVVlQmFVa1RvejEtMkNrSk1ZSVYtcEhvaVU?oc=5"" target=""_blank"">한국 주택 시장 사이클 돌아보니…'대한민국 부동산의 역사'</a>&nbsp;&nbsp;<font color=""#6f6f6f"">연합인포맥스</font>",https://news.google.com/rss/articles/CBMicEFVX3lxTFBOSHNESG1kdy12VjRyM1JyN095REV3VGtZbFBkd1N2ZFlXaEU5T3g4Tl9kTnFQS2dpbjgybENYR2R2TXBJTlFPTVVLdUZxMktEY24yRkVqWVVlQmFVa1RvejEtMkNrSk1ZSVYtcEhvaVU?oc=5,부동산
"정원주 대우건설 회장, 부동산 개발 확대 위해 미국 방문 - 뉴스토마토","<a href=""https://news.google.com/rss/articles/CBMiYEFVX3lxTFBXa3VMTlcwV2hPc0lxeUNjOG84TUtpSmdLMXBTbWhpbFB0c1VNTXVDbEM3bklTRVdqX29nSWxVdlVVUXhDdENINF9hNkR0UkplRUJ2UmdPV1RDVldUbE9hTQ?oc=5"" target=""_blank"">정원주 대우건설 회장, 부동산 개발 확대 위해 미국 방문</a>&nbsp;&nbsp;<font color=""#6f6f6f"">뉴스토마토</font>",https://news.google.com/rss/articles/CBMiYEFVX3lxTFBXa3VMTlcwV2hPc0lxeUNjOG84TUtpSmdLMXBTbWhpbFB0c1VNTXVDbEM3bklTRVdqX29nSWxVdlVVUXhDdENINF9hNkR0UkplRUJ2UmdPV1RDVldUbE9hTQ?oc=5,부동산
공직사회 고강도 압박…李대통령 '부동산 투기와 전쟁' 다시 고삐(종합) - 연합뉴스,"<a href=""https://news.google.com/rss/articles/CBMiW0FVX3lxTE9hdEllMHBPUmlHNFo0ZFRKeF9sdEJNVWxqTk1GbEJ2bFhYQXlDMlRkeXFEcU9GbDBERXZpZFBiXzlnV2M1M3Rfb3lNLUNYcjM1SzBURnlVMmRkcEXSAWBBVV95cUxNM29DRExEdUJaUDc4by1mWmlVdlptUEx2VV9jNWNwc01Zck1IMmhhNVpGd0NnNzlyZDAyUWo1azJUcDM2bDA5WkxzempwbFNZRjBRRzM3TnRrcWFwelZBdks?oc=5"" target=""_blank"">공직사회 고강도 압박…李대통령 '부동산 투기와 전쟁' 다시 고삐(종합)</a>&nbsp;&nbsp;<font color=""#6f6f6f"">연합뉴스</font>",https://news.google.com/rss/articles/CBMiW0FVX3lxTE9hdEllMHBPUmlHNFo0ZFRKeF9sdEJNVWxqTk1GbEJ2bFhYQXlDMlRkeXFEcU9GbDBERXZpZFBiXzlnV2M1M3Rfb3lNLUNYcjM1SzBURnlVMmRkcEXSAWBBVV95cUxNM29DRExEdUJaUDc4by1mWmlVdlptUEx2VV9jNWNwc01Zck1IMmhhNVpGd0NnNzlyZDAyUWo1azJUcDM2bDA5WkxzempwbFNZRjBRRzM3TnRrcWFwelZBdks?oc=5,부동산
"정원주 대우건설 회장, 북미 부동산 개발·에너지 인프라 협력 확대 - BBS불교방송","<a href=""https://news.google.com/rss/articles/CBMia0FVX3lxTE9FVTQ5OTNPcFRxa0gwQndqMnU4RWVkX0swaE84VUpEVE1uRFFxYng3cjNRcF9Hcm85aU9aaDhFSF9iWUxWeTlrSkh0NVZ4VVNKU0hDNHBYWmVYMXVWVVBuQkM2d0F0UkRLdVlz?oc=5"" target=""_blank"">정원주 대우건설 회장, 북미 부동산 개발·에너지 인프라 협력 확대</a>&nbsp;&nbsp;<font color=""#6f6f6f"">BBS불교방송</font>",https://news.google.com/rss/articles/CBMia0FVX3lxTE9FVTQ5OTNPcFRxa0gwQndqMnU4RWVkX0swaE84VUpEVE1uRFFxYng3cjNRcF9Hcm85aU9aaDhFSF9iWUxWeTlrSkh0NVZ4VVNKU0hDNHBYWmVYMXVWVVBuQkM2d0F0UkRLdVlz?oc=5,부동산
